cpg,H,p_value,eta_squared,max_delta,NV,NIM,IM
chr3-141383756,413.352419263456,1.7444664293242e-90,0.50721629995494,0.195080676555005,0.341402382098689,0.43227318838712,0.536483058653694
chr1-52920945,403.97037254377,1.90085143901447e-88,0.495647808315376,0.126549696252138,0.296843168275983,0.363348711806381,0.423392864528121
chr1-210328276,402.161823307203,4.69536818325659e-88,0.493417784595812,0.210882545928283,0.347764756718413,0.441084422674175,0.558647302646696
chr12-40693656,402.011294752247,5.06240064900652e-88,0.493232176020033,0.152247543889556,0.220117499935005,0.279702306635649,0.372365043824561
chr1-92481267,401.676484929247,5.9849364386962e-88,0.49281934023335,0.198464872809171,0.225792442172357,0.297316601346872,0.424257314981528
chr1-210328289,399.641729732846,1.65539263777375e-87,0.490310394245186,0.214836527589626,0.361077371758042,0.453831008337614,0.575913899347668
chr9-131423518,397.429590741853,5.00335015746081e-87,0.487582725945565,0.225969467722494,0.320593868970444,0.420068750570312,0.546563336692938
chr3-141383810,397.061131005565,6.0154886680597e-87,0.487128398280598,0.185140792692226,0.269050100991497,0.355750010533476,0.454190893683723
chr9-34655025,396.918727966557,6.45941726586794e-87,0.486952808836691,0.200727698236271,0.316446130804737,0.40735833170316,0.517173829041008
chr10-47257761,394.933719944705,1.74273902027536e-86,0.484505203384347,0.224826488687686,0.853462943620416,0.778538033271888,0.62863645493273
chr1-27536787,394.671078735929,1.98730337040682e-86,0.484181354791528,0.187418693601751,0.353123039688467,0.440709049203463,0.540541733290218
chr14-89185203,392.316474682822,6.45000338798757e-86,0.481278020570681,0.222057415529582,0.414792200779895,0.489683022106926,0.636849616309476
chr15-98713880,392.01351941396,7.50491613526357e-86,0.48090446290254,0.191903744947245,0.282485607102527,0.351298797559363,0.474389352049772
chr16-67944546,391.433820041406,1.00282687187893e-85,0.480189667128738,0.143393857333498,0.41623708294579,0.499767322953193,0.559630940279288
chr7-157573440,390.766641932509,1.39991558481071e-85,0.479367006082008,0.148436992897064,0.922836068520548,0.889696346806087,0.774399075623484
chr7-157570606,390.39971390982,1.68181900641035e-85,0.478914567089791,0.127088697931405,0.930512007509393,0.902859802705256,0.803423309577988
chr7-73704602,390.005487033804,2.04825740966495e-85,0.478428467365972,0.0867418012584596,0.438733859323535,0.488988535761858,0.525475660581995
chr17-1555395,386.033615466548,1.49233212101473e-84,0.473530968516089,0.199861206220408,0.222730258052065,0.308045424250092,0.422591464272473
chr13-101988099,384.896586436354,2.63492466993003e-84,0.472128959847539,0.181780646207673,0.865719878092201,0.807815558074183,0.683939231884528
chr10-99521845,383.749026469973,4.67689569363113e-84,0.470713966054221,0.138873314803283,0.184059828242509,0.254773373407391,0.322933143045792
chr19-49338777,382.603081491181,8.29461961882407e-84,0.469300963614281,0.143836758170997,0.394528929618738,0.468165971074367,0.538365687789735
chr5-15249395,382.535686937849,8.57888835348835e-84,0.469217863055301,0.221652194559614,0.814049765850334,0.729455797911353,0.592397571290719
chr20-25040645,382.26783103781,9.80833262827667e-84,0.468887584510247,0.178796206595313,0.377661397543291,0.454377483518854,0.556457604138604
chr12-111636239,381.554537485136,1.40115090785137e-83,0.468008061017431,0.236326364256761,0.33815640516129,0.422901903678724,0.574482769418052
chr13-76887290,381.230009318449,1.64799279462066e-83,0.467607902982057,0.166506719542276,0.311109970787843,0.393338775567719,0.47761669033012
chr17-81518502,379.906740053093,3.19374015365009e-83,0.465976251606773,0.212331490888022,0.35709935587175,0.461682961918961,0.569430846759772
chr7-50318228,379.855120229119,3.27724327459971e-83,0.465912602008778,0.194515007833317,0.65508314895659,0.541409011665087,0.460568141123273
chr20-43752828,379.82300490831,3.33029292087698e-83,0.465873002353033,0.163862470217619,0.516380102292879,0.419036195539378,0.352517632075261
chr3-128496721,379.042236541801,4.92066875758461e-83,0.464910279336376,0.189403830834704,0.37275807546938,0.446701712556567,0.562161906304084
chr18-55592729,378.935201129691,5.19118582459248e-83,0.464778299790002,0.141385307608921,0.926215255124388,0.890097752678676,0.784829947515468
chr16-1532579,378.650423959678,5.98556500861436e-83,0.464427156547075,0.174402459234371,0.333188876212095,0.434389729242178,0.507591335446466
chr3-18127337,378.305368788252,7.11267443568454e-83,0.464001687778363,0.190730601885864,0.732538720914638,0.626153795433172,0.541808119028774
chr7-40299325,378.182616779083,7.5628970840791e-83,0.463850328950781,0.215884934412015,0.71560117615401,0.605515195408682,0.499716241741996
chr7-128241244,377.68724010191,9.68852957314569e-83,0.463239506907411,0.218284957122791,0.211243122936919,0.305058770830395,0.429528080059709
chr8-117440242,377.564584424457,1.03013041762879e-82,0.46308826686123,0.230882568895951,0.847111090678907,0.788493695316582,0.616228521782957
chr11-65559061,377.002926939855,1.3641263070139e-82,0.462395717558391,0.137084013400789,0.233299032175993,0.304452930551183,0.370383045576782
chr2-73983729,375.726162605774,2.58285744431756e-82,0.460821408885049,0.162700993180337,0.350462229646142,0.4222338989185,0.513163222826479
chr8-80727633,375.725133836579,2.58418636816507e-82,0.460820140365695,0.202920560157335,0.209734520447613,0.312349117193593,0.412655080604947
chr4-1034096,375.709119611109,2.60496130236598e-82,0.460800394095079,0.254448618165682,0.312909715247634,0.439540059611835,0.567358333413316
chr7-40016150,375.706910211047,2.60784059328153e-82,0.460797669804003,0.139522487726951,0.208475917357163,0.283235574081759,0.347998405084114
chr19-13018264,375.689797768535,2.63024958583518e-82,0.460776569381671,0.140028489033624,0.227440671295648,0.296700960233101,0.367469160329271
chr11-47590227,375.616097268781,2.72898294215207e-82,0.46068569330306,0.33206667678047,0.15783891139982,0.309730366148867,0.48990558818029
chr11-62479776,375.581401607649,2.77673790067772e-82,0.460642911969974,0.155363908724971,0.479760071203932,0.561215483565797,0.635123979928903
chr15-94607314,375.218608747496,3.32900430496918e-82,0.46019557182182,0.212378959807672,0.562878986199562,0.447999524837886,0.35050002639189
chr1-208942839,374.878013606769,3.94705930588313e-82,0.459775602474438,0.161940023667572,0.912388811967423,0.883294623117637,0.750448788299851
chr4-101191743,374.781601152428,4.14199290196195e-82,0.45965672151964,0.23960629886446,0.249566806664182,0.363361075283582,0.489173105528643
chr11-31818083,374.488782583828,4.79506053851572e-82,0.459295662865386,0.21114561296758,0.145608123993923,0.258363845608653,0.356753736961504
chr18-55249809,374.430243770441,4.93748326221843e-82,0.459223481837782,0.147974864164407,0.907062120918043,0.866950645233985,0.759087256753636
chr12-40693298,374.39392359154,5.02796751426609e-82,0.459178697400173,0.173355239928025,0.0986839984297057,0.16263328719106,0.27203923835773
chr1-166944953,373.523264476138,7.77058450518608e-82,0.458105134989072,0.167347141689481,0.870428673474394,0.808724452339238,0.703081531784913
chr19-1356278,373.451193297208,8.05570855120675e-82,0.458016267937371,0.186704794272566,0.392330845333692,0.502139786330786,0.579035639606259
chr19-48717227,373.325540224731,8.57805770484058e-82,0.457861331966377,0.157872645429222,0.344122122018582,0.408880527124501,0.501994767447805
chr15-61082578,373.122777600965,9.49332409778231e-82,0.457611316400697,0.152274582394236,0.901740892438551,0.860446225187443,0.749466310044316
chr12-109723566,373.115106116564,9.52980796827733e-82,0.457601857110436,0.130719353180343,0.343344390973932,0.40598043497729,0.474063744154275
chr10-99522427,373.086668452347,9.66627863531541e-82,0.457566792173054,0.247616224950688,0.494752751096889,0.622934093469416,0.742368976047577
chr4-2625311,372.979060347521,1.02006092791e-81,0.457434106470433,0.193472297864998,0.433669709965403,0.513111125105274,0.627142007830401
chr7-128241239,372.811653351296,1.10911883405462e-81,0.45722768600653,0.269490045711099,0.12339012494072,0.234619727120634,0.392880170651819
chr1-92481477,372.805367804126,1.11261002656899e-81,0.457219935640106,0.302764893899516,0.329181441346209,0.448365053768292,0.631946335245725
chr1-54336008,372.692217389877,1.17737082435058e-81,0.457080416017112,0.169740999462785,0.357263702637503,0.451158385263273,0.527004702100287
chr11-35813044,372.355364072369,1.39334941035384e-81,0.456665060508469,0.169635388044877,0.634225884908368,0.737728740272254,0.803861272953244
chr5-37910451,372.157739192327,1.53806162162087e-81,0.4564213800152,0.223111669369487,0.842220193673962,0.754434952526674,0.619108524304476
chr10-91052088,372.080732631894,1.59843690373973e-81,0.456326427412939,0.19941409899814,0.234569719745467,0.319748166796674,0.433983818743606
chr1-151131709,371.900097525115,1.74952403328192e-81,0.456103696085222,0.217085898827022,0.204822379254514,0.294968603857292,0.421908278081536
chr15-94610528,371.685963001607,1.94723619579217e-81,0.455839658448343,0.200630019773228,0.734253433127968,0.633005604093939,0.53362341335474
chr5-157050225,371.648131497179,1.98442020622318e-81,0.455793010477409,0.196884104355339,0.8754816136175,0.81527416233505,0.678597509262161
chr5-62783890,371.199768992159,2.48310063781179e-81,0.455240159053217,0.213311234676087,0.709711530972793,0.619623108910959,0.496400296296706
chr11-133599297,370.343752777044,3.80956932234841e-81,0.45418465200622,0.186650480514329,0.76174376252497,0.681208191680798,0.575093282010641
chr10-99521945,370.27485892105,3.9430836599026e-81,0.454099702738655,0.260732517704474,0.396756666223626,0.521801011951876,0.6574891839281
chr3-17980707,370.043041837842,4.42766170818975e-81,0.453813861698942,0.128695276026652,0.897624288565404,0.858717902685982,0.768929012538752
chr12-69906629,369.690085803604,5.28223672785693e-81,0.453378650805924,0.199357301681911,0.786344680550787,0.694197390098487,0.586987378868876
chr7-139887063,369.681065533163,5.30611413445874e-81,0.453367528400941,0.142201769302711,0.914690578000242,0.880065633403191,0.772488808697531
chr8-100617657,369.663123106223,5.35393058213436e-81,0.453345404569943,0.163227154750149,0.849284284602972,0.805981394301858,0.686057129852822
chr1-92482030,369.478894400801,5.87053242303175e-81,0.453118242171148,0.259479599631866,0.34289158530925,0.460885618983152,0.602371184941116
chr5-1103794,369.144911400958,6.93746776127797e-81,0.452706425895139,0.135258802069993,0.234145082758427,0.305365061546865,0.36940388482842
chr1-220895793,369.132456911744,6.9808038621874e-81,0.452691068941731,0.197172868093269,0.552816585735455,0.661699485090715,0.749989453828724
chr10-22334980,368.671006455789,8.79241400324056e-81,0.452122079476928,0.131699801175341,0.262953820093537,0.332369684787209,0.394653621268878
chr16-67944541,368.540827345617,9.38374427407672e-81,0.451961562694965,0.147043548925398,0.462933310609714,0.558053004406236,0.609976859535111
chr10-119281683,368.462885579591,9.75665623373541e-81,0.451865456941543,0.225985759644516,0.321574265156504,0.437525813973413,0.54756002480102
chr21-42286129,368.399934197653,1.00686378926236e-80,0.451787835015602,0.208095620027386,0.682138831015024,0.578467939832109,0.474043210987637
chr7-3552579,368.356384628729,1.0290284710821e-80,0.45173413641027,0.18379289423737,0.86394022587143,0.802542726240118,0.680147331634059
chr17-75048895,368.027274015582,1.21308952485144e-80,0.451328328009349,0.234036767273465,0.411668589588188,0.508972938745584,0.645705356861653
chr15-58490781,367.994869224791,1.23290457312539e-80,0.45128837142391,0.168868497064897,0.464907433857456,0.563304114795103,0.633775930922354
chr11-133136023,367.737312596544,1.40235244069205e-80,0.450970792350855,0.187378272675058,0.889137543418331,0.817275390174901,0.701759270743273
chr6-13014969,367.616500956884,1.48967348905537e-80,0.450821826087403,0.150015538341449,0.334340678001136,0.407544451973592,0.484356216342585
chr12-40693076,367.459350892933,1.61144612971824e-80,0.450628052888944,0.187431092282751,0.210420296980605,0.298951122862181,0.397851389263356
chr4-7384063,367.453940466053,1.61581133719319e-80,0.450621381585762,0.150537179691152,0.899742977280175,0.861270974752733,0.749205797589023
chr9-4138321,367.300202990704,1.74491517502452e-80,0.45043181626474,0.0972503290277804,0.922204525697981,0.885192810377955,0.824954196670201
chr9-114958656,367.237363110606,1.80061069834775e-80,0.450354331825655,0.238885772633603,0.74696829990964,0.599032384766204,0.508082527276037
chr1-205531382,367.11364788413,1.91550921798263e-80,0.450201785307189,0.150273115638349,0.796347200430208,0.723295842668203,0.64607408479186
chr17-41965116,367.04637006345,1.98104088842533e-80,0.450118828684895,0.125963765825918,0.480688347754185,0.544162344979184,0.606652113580103
chr15-41104374,366.91060136398,2.1201922266755e-80,0.449951419684316,0.173284147173973,0.569021350248401,0.680903825704962,0.742305497422374
chr3-141412945,366.876079747682,2.15710612329148e-80,0.449908852956451,0.180539954332487,0.365601685564436,0.458098992243108,0.546141639896923
chr12-111636353,366.817229155628,2.22152270010464e-80,0.449836287491526,0.231517232525114,0.315792749395877,0.410447485685096,0.54730998192099
chr5-42953440,366.696334163603,2.35994982382934e-80,0.449687218450805,0.230142294900517,0.359196828002109,0.500574410419682,0.589339122902626
chr4-7328564,366.252492237998,2.94633292412876e-80,0.449139941107273,0.17278168174084,0.90457913239164,0.856164566311827,0.7317974506508
chr2-61180278,366.01695162631,3.31458234536501e-80,0.448849508787065,0.182028287441146,0.285881986714081,0.3727087167426,0.467910274155227
chr19-30908226,365.691232772658,3.90083663995732e-80,0.448447882580343,0.178362801870333,0.662439289722606,0.557937848493599,0.484076487852273
chr4-7151459,365.592583785115,4.09806760587693e-80,0.44832624387807,0.160465756937468,0.714997402186679,0.629494829521486,0.55453164524921
chr17-35448913,365.220865926432,4.93510760106164e-80,0.447867898799546,0.15361870491618,0.251930688499273,0.342432153093054,0.405549393415453
chr2-163348241,364.731413079559,6.30347393542809e-80,0.447264381109197,0.169761630912053,0.369274320973016,0.460404309544538,0.539035951885069
chr14-23366837,364.717870558108,6.34630123469089e-80,0.447247682562402,0.197240923682828,0.335779658012747,0.425526721384971,0.533020581695575
chr17-17810571,364.614837002463,6.68181019619169e-80,0.447120637487625,0.161953786082855,0.504212898875037,0.561414657900594,0.666166684957892
chr20-36831552,364.398937559092,7.44348132906648e-80,0.446854423624034,0.232780599525187,0.2677119823083,0.346043262932037,0.500492581833487
chr7-70678776,364.396360962341,7.45307693364514e-80,0.446851246562689,0.239009161149598,0.669867428347421,0.56547744151274,0.430858267197824
chr15-61050160,364.20609819989,8.19691889852623e-80,0.446616643896289,0.169216605740869,0.92107421096076,0.875611171643202,0.751857605219891
chr1-36516822,364.084575286738,8.710418136114e-80,0.44646680060017,0.143809146953115,0.62151831744988,0.537130895553961,0.477709170496765
chr3-9035733,363.701530372663,1.0549117985871e-79,0.445994488745577,0.162754433054561,0.582362410123103,0.499130017212488,0.419607977068542
chr16-1532217,363.329430036847,1.27062299585219e-79,0.445535672055298,0.205721034905258,0.399720313526647,0.506010915212115,0.605441348431905
chr14-69716346,363.17617392587,1.37181596443152e-79,0.445346700278507,0.17271432763185,0.156652587548218,0.229468462204896,0.329366915180068
chr6-168387444,362.982556011696,1.51126090784097e-79,0.445107960556962,0.144496882126126,0.909859600226631,0.865566126796416,0.765362718100505
chr12-40693289,362.922104406601,1.55763733324276e-79,0.445033420969915,0.186948304693448,0.113413454275802,0.180220843585758,0.30036175896925
chr1-234531802,362.818600266461,1.64037063507452e-79,0.444905795642985,0.264003011763356,0.335396414287924,0.447597481851299,0.599399426051279
chr2-461269,362.802023337963,1.65402329004969e-79,0.444885355533863,0.190150306120392,0.586513300286511,0.503759918144286,0.396362994166119
chr2-40179143,362.586616278737,1.84211470367298e-79,0.444619748802389,0.200969385060701,0.800898416444391,0.704777761928365,0.599929031383689
chr1-234531778,362.205622110682,2.22868403219003e-79,0.444149965611199,0.173012156099383,0.406207440109265,0.462598133502363,0.579219596208649
chr18-78874036,361.973339714172,2.50315638480141e-79,0.443863550818954,0.205299718314747,0.845795393024618,0.773881910974173,0.640495674709872
chr17-38694001,361.141332410065,3.79451324903418e-79,0.44283764785458,0.149112030496298,0.314263585296436,0.382037874361068,0.463375615792735
chr3-17055473,361.139241955315,3.79848145163179e-79,0.442835070228502,0.156315747557455,0.835062537273907,0.753747549787351,0.678746789716452
chr17-46157868,361.103367148296,3.86723109788417e-79,0.442790834954742,0.247400895683449,0.318914047648288,0.430815355537096,0.566314943331737
chr10-77872614,360.932442752389,4.21226694843729e-79,0.442580077376559,0.159117360879215,0.417146976068142,0.47964454004777,0.576264336947356
chr10-22334618,360.852003186084,4.3851364969288e-79,0.442480891721435,0.19949469061226,0.240845756914932,0.356730433358474,0.440340447527191
chr1-25799741,360.476369156656,5.29116140060542e-79,0.442017717825716,0.138096127498831,0.240916916293426,0.315707654240531,0.379013043792257
chr5-35884652,360.47617720874,5.29166923867771e-79,0.442017481145178,0.205079837156554,0.567889573764973,0.45971912989359,0.362809736608419
chr9-128921980,360.278444649796,5.84157248444786e-79,0.44177366787891,0.162923319757883,0.341894821607706,0.413840399795722,0.504818141365588
chr4-7606435,360.274775754326,5.85229837890099e-79,0.44176914396341,0.135280101341051,0.937997228426664,0.919210613216771,0.802717127085613
chr2-60391419,360.182852725786,6.12755604982461e-79,0.441655798675445,0.163672054110542,0.887600323803943,0.832234050934785,0.723928269693402
chr6-42821092,359.935787324315,6.93325003907459e-79,0.441351155763644,0.189299386426526,0.328508537192596,0.431452345341784,0.517807923619122
chr16-26598433,359.829473141359,7.31177290522298e-79,0.441220065525721,0.185886575043916,0.882848042943791,0.826058296657353,0.696961467899875
chr14-24398054,359.335802549426,9.35883738543335e-79,0.440611347163287,0.203081182486899,0.368409873813875,0.462022410915228,0.571491056300773
chr18-55269848,359.334924119501,9.36294882967938e-79,0.440610264019114,0.122432433113971,0.859893505592642,0.823146090871083,0.73746107247867
chr10-99527301,359.175948376564,1.01375683148788e-78,0.440414239675171,0.171406827860972,0.281543554471006,0.373930223935964,0.452950382331978
chr9-114207159,359.144592404316,1.02977574102753e-78,0.440375576330845,0.164691545081327,0.403675530867656,0.480626679212373,0.568367075948984
chr19-58204209,359.110158659211,1.04765876182374e-78,0.440333117952172,0.151185915380452,0.373781066325662,0.470929065426632,0.524966981706115
chr12-111636281,359.069811330266,1.0690085053823e-78,0.440283367854829,0.197154264474745,0.313757400946928,0.389192966293776,0.510911665421673
chr16-79864032,358.697045950416,1.28803046239125e-78,0.439823731134915,0.193861830607818,0.851223958395152,0.771749106837603,0.657362127787334
chr19-1155225,358.68661278932,1.29476713296258e-78,0.439810866571294,0.173688857194071,0.275645911798252,0.364409586687517,0.449334768992323
chr3-119296618,358.629110459739,1.33253350827706e-78,0.43973996357551,0.213097426171539,0.435306254075857,0.559661120741465,0.648403680247395
chr6-168626014,358.17531683901,1.67193031143567e-78,0.439180415337867,0.171756311929924,0.884374571712714,0.833851679584961,0.712618259782791
chr3-169349405,358.098995455119,1.7369653275979e-78,0.439086307589542,0.182263730575567,0.651786636658766,0.542850965746152,0.469522906083198
chr8-11464942,357.792664324496,2.02446423711298e-78,0.438708587329835,0.164440811181511,0.2496524260279,0.332343931235101,0.414093237209411
chr16-56617610,357.775901260896,2.04150365696298e-78,0.43868791770764,0.184892829373569,0.176160429567694,0.252346917792419,0.361053258941262
chr9-14316266,357.684251059285,2.13723240616376e-78,0.438574908827725,0.1894548574616,0.141601919756485,0.216106402289534,0.331056777218084
chr15-95929488,357.593791905601,2.23611794191927e-78,0.438463368564243,0.215602722298431,0.804871230508163,0.720828723044425,0.589268508209732
chr19-1356269,357.467507187744,2.38186467940027e-78,0.438307653745676,0.187772983318783,0.383202086423283,0.482386674146361,0.570975069742066
chr3-128496589,357.275912106272,2.62132836911643e-78,0.43807140826914,0.227457241297628,0.435593124624613,0.533222340440967,0.663050365922242
chr7-48085323,357.203048926725,2.71858844122813e-78,0.437981564644544,0.198861174754534,0.79762985378578,0.729378978065258,0.598768679031246
chr14-77111268,357.015131514039,2.9864085049745e-78,0.437749853901404,0.192505863200112,0.344553927521983,0.426583759564449,0.537059790722095
chr7-149415226,356.977643459688,3.04291374062236e-78,0.437703629420084,0.177826846500594,0.100617698210144,0.192358831137955,0.278444544710738
chr1-151131750,356.959107619174,3.07124631172351e-78,0.437680773883075,0.165591874342494,0.332287423095691,0.423342697060221,0.497879297438186
chr14-103712797,356.904601235136,3.15609857283675e-78,0.437613565024829,0.193951047456334,0.288583064509572,0.393176964075851,0.482534111965906
chr5-42953487,356.747112767981,3.41467004676382e-78,0.43741937455978,0.216268748566729,0.110953271843208,0.22116939866836,0.327222020409937
chr7-157560283,356.724037003161,3.45429626998948e-78,0.437390921088978,0.13528444046497,0.9326053834811,0.901377704805848,0.797320943016131
chr7-157555466,356.615948998585,3.64611695821448e-78,0.437257643648071,0.169082701415356,0.835932354301112,0.755034832343446,0.666849652885755
chr14-90546017,356.458713103973,3.9443362987416e-78,0.43706376461649,0.205142383672215,0.370669115389643,0.437490750537941,0.575811499061858
chr19-54938077,356.041513301228,4.85923298247844e-78,0.436549338225928,0.231073809228676,0.768666631746362,0.679419930811786,0.537592822517686
chr11-46050281,355.968972361161,5.0387149178548e-78,0.436459891937313,0.177338363753909,0.335698016643413,0.418113591022142,0.513036380397322
chr17-81419881,355.878885239476,5.27086578056704e-78,0.436348810406259,0.215757322025879,0.325271523549887,0.421248742003706,0.541028845575766
chr17-17810356,355.712844932212,5.72713145916969e-78,0.436144075132197,0.173629002686202,0.350627133294848,0.419025659979364,0.52425613598105
chr11-121169164,355.62542639145,5.98301162739017e-78,0.436036284083169,0.130776210114128,0.870078562981725,0.822581261701635,0.739302352867597
chr5-38528407,355.114689488743,7.72369216300654e-78,0.435406522180941,0.190488985965728,0.73627055336949,0.651734626627571,0.545781567403761
chr17-79473219,355.069534826904,7.9000559370229e-78,0.435350844422816,0.163397610254723,0.714790396445255,0.624448175391453,0.551392786190532
chr3-122245755,354.977572125602,8.27179215180704e-78,0.435237450216525,0.177307285379857,0.825381438412336,0.767219847883297,0.64807415303248
chr8-17753985,354.970293261458,8.30195162584486e-78,0.435228475044955,0.175029243200419,0.326191770549148,0.407287722312738,0.501221013749567
chr3-123318252,354.959661871664,8.34619976836054e-78,0.435215366056305,0.105638204008656,0.92021026561491,0.891027345179858,0.814572061606255
chr17-4860153,354.805593779857,9.01455383121273e-78,0.435025393070107,0.154370655466071,0.40882226827364,0.510509911248054,0.563192923739711
chr19-1356315,354.477667798593,1.06206832960556e-77,0.434621045374344,0.163199733480041,0.086053535811575,0.149349095029735,0.249253269291616
chr1-2214197,354.257650616665,1.18557377084576e-77,0.434349754151251,0.195798988715659,0.252048277877195,0.340816833605175,0.447847266592854
chr12-132341718,354.254226904134,1.1876050408587e-77,0.434345532557501,0.119453603451993,0.538923732539943,0.470305841949545,0.419470129087951
chr9-120942959,354.215765132786,1.21066475633029e-77,0.4342981074387,0.186657635654804,0.417913765572595,0.502824754444058,0.604571401227399
chr19-1155056,354.118338506214,1.27110030521178e-77,0.434177975963272,0.16470321909543,0.286722303047279,0.364884989725483,0.451425522142709
chr5-17106229,353.934182908492,1.39369808387628e-77,0.433950903709607,0.177733481763937,0.288369721515112,0.371548744040336,0.466103203279049
chr1-111984917,353.910851276482,1.41005191420945e-77,0.433922134742888,0.152661519981039,0.726833558779703,0.65554660812334,0.574172038798664
chr10-23826842,353.880464512038,1.43163894665369e-77,0.433884666476002,0.130361448705411,0.91110918255739,0.884003076332088,0.780747733851979
chr10-127880678,353.865513143344,1.44238153157473e-77,0.433866230756281,0.189136555452055,0.715256354742579,0.618651336377577,0.526119799290524
chr4-7650207,353.851401949179,1.45259438100845e-77,0.433848831010085,0.257419704125947,0.793747776548281,0.696220678236546,0.536328072422333
chr4-93835627,353.753805503796,1.52523639116032e-77,0.433728490140316,0.151196171390068,0.893437572779424,0.841324196477553,0.742241401389356
chr6-13014772,353.54445532604,1.69354590166203e-77,0.433470351820025,0.132431007743897,0.348768521323223,0.41301852165997,0.481199529067121
chr1-47434592,353.434577183221,1.78919101171568e-77,0.433334867056993,0.252153789792217,0.151206840609853,0.264141242724444,0.40336063040207
chr19-39308396,353.406571640204,1.8144208764039e-77,0.433300334944764,0.166876877720667,0.363248363410734,0.475435096107656,0.530125241131401
chr7-55534678,353.39707489053,1.82305691418242e-77,0.43328862501915,0.238254253408115,0.769813567744054,0.642221440218876,0.53155931433594
chr8-118975861,353.325449982789,1.88952820163923e-77,0.433200308240184,0.166806791728658,0.889804770573332,0.827113074073266,0.722997978844674
chr1-228044274,353.202783432786,2.00904692740485e-77,0.433049054787652,0.147426406500736,0.886700343706148,0.848297384407568,0.739273937205412
chr12-115009155,353.15832626854,2.0542052351801e-77,0.432994237075882,0.186655434552028,0.844481008169912,0.773571553642444,0.657825573617884
chr7-3092612,353.074632003363,2.14199183221531e-77,0.432891038228561,0.254529718516694,0.774839353469874,0.664958407921412,0.52030963495318
chr5-65190593,352.968393002507,2.25884960485749e-77,0.432760040693597,0.145465764340429,0.838008563785119,0.7761670647699,0.69254279944469
chr1-33307134,352.941607664165,2.28930511539487e-77,0.432727013149402,0.132631671061539,0.298841714787614,0.372020745174625,0.431473385849153
chr1-35561009,352.904037830508,2.3327159797848e-77,0.432680687830466,0.1489632606141,0.44867225654385,0.504754902526302,0.59763551715795
chr4-139849421,352.90289775595,2.33404609392585e-77,0.432679282066523,0.2177820211015,0.318847002025169,0.412901736934382,0.536629023126669
chr7-76305166,352.878137762315,2.36312118053318e-77,0.432648751864754,0.151574575669632,0.316208987540988,0.380023750228544,0.46778356321062
chr8-22131778,352.835309695392,2.41427084226348e-77,0.432595942904306,0.157720095704891,0.275566175386445,0.351136002652646,0.433286271091336
chr13-76887143,352.771224332849,2.492883304343e-77,0.432516922728544,0.166067895491708,0.166196771712317,0.248064567359101,0.332264667204025
chr4-165009903,352.71429902442,2.56485679930094e-77,0.432446731226165,0.120339089300394,0.892679659987302,0.857835297271574,0.772340570686908
chr1-47434654,352.511932264965,2.83796154343431e-77,0.432197203779241,0.208459694355376,0.289734003764643,0.362970143034575,0.498193698120018
chr7-150515618,352.46907282056,2.89943459360606e-77,0.432144356128927,0.242738888190977,0.688234754767317,0.607567857606041,0.44549586657634
chr7-3593301,352.44195289747,2.93901858738151e-77,0.432110916026473,0.121253121072189,0.928659159151756,0.914922951050303,0.807406038079567
chr7-50315909,352.396732795891,3.00622687518479e-77,0.432055157578164,0.135735410735801,0.591628102561575,0.524742474001273,0.455892691825773
chr3-137295387,352.137050698596,3.42303235330668e-77,0.431734957704804,0.174887647980772,0.852081749613863,0.779791449405764,0.677194101633091
chr2-31216820,352.134461005892,3.42746752507559e-77,0.431731764495551,0.179751309763965,0.863587750973334,0.803016442308716,0.68383644120937
chr9-134667062,352.068397327646,3.5425736994187e-77,0.431650304966271,0.156756505256271,0.487592251208658,0.422638336968302,0.330835745952387
chr17-81053129,351.995577163657,3.67393604327127e-77,0.431560514381821,0.128797836741111,0.434999339691664,0.505667562022403,0.563797176432775
chr10-128181110,351.868073552948,3.91578329220417e-77,0.431403296612759,0.199464858601287,0.855797781834717,0.786305158845332,0.65633292323343
chr4-182820283,351.78394847673,4.08400417333673e-77,0.43129956655577,0.116326879754106,0.913338153104833,0.874601063718272,0.797011273350727
chr1-14224289,351.736766206407,4.18149591676111e-77,0.431241388663881,0.12216124703837,0.915105676121588,0.875054044527833,0.792944429083218
chr7-23787872,351.707335946037,4.24348212257732e-77,0.431205099810157,0.144313957631719,0.89306994444928,0.853704902044698,0.748755986817561
chr4-144547831,351.669727130595,4.32403327532809e-77,0.431158726424901,0.128338376868475,0.902317565128371,0.867440493188266,0.773979188259896
chr2-16655055,351.641557057642,4.38536838132775e-77,0.431123991439756,0.189498699785891,0.841854242449194,0.752605404220163,0.652355542663303
chr14-23366660,351.537360526197,4.61989462985557e-77,0.430995512362758,0.270881933804695,0.270234770185702,0.414506533456298,0.541116703990398
chr4-170273862,351.523703580785,4.65154940813624e-77,0.430978672725998,0.163684343126787,0.652100024720633,0.56768991026627,0.488415681593846
chr1-228321948,351.357050663319,5.0557531318482e-77,0.430773182075609,0.13093974490368,0.922584009129214,0.887890658697865,0.791644264225535
chr3-66525047,351.116153052389,5.70290465902836e-77,0.430476144330935,0.180753926757915,0.733362261330623,0.637651009814345,0.552608334572708
chr10-23797622,350.870475704437,6.44828567283879e-77,0.43017321295245,0.209953130485237,0.769931489548147,0.688236928918571,0.559978359062911
chr3-17983810,350.842894266302,6.53782817765924e-77,0.43013920378089,0.234144777442273,0.687719421339823,0.594813304129863,0.45357464389755
chr2-6960889,350.696462561654,7.03445965641048e-77,0.429958646808451,0.170213924051321,0.217157543918917,0.280612801004913,0.387371467970239
chr19-3097713,350.430757201546,8.03392788578745e-77,0.429631019977245,0.173198578947964,0.36296866009563,0.448145806634495,0.536167239043594
chr19-47782064,350.235000411537,8.86004598490205e-77,0.429389642924213,0.212363282032698,0.284789219794323,0.406194051453921,0.497152501827021
chr3-154122928,350.14005846915,9.29078385954535e-77,0.429272575177744,0.184811140156074,0.238627454947899,0.315081771004658,0.423438595103974
chr14-75298745,349.975302451663,1.00885481569402e-76,0.429069423491569,0.213193793686828,0.417401861917223,0.500779587369492,0.63059565560405
chr1-53585367,349.812479834518,1.09442285393975e-76,0.428868655776224,0.162468902266762,0.624393499336256,0.541245375753361,0.461924597069494
chr9-95045410,349.799466794151,1.10156695474245e-76,0.428852610103762,0.194627274776714,0.472943543137009,0.556571782863939,0.667570817913723
chr3-134777515,349.784417941134,1.10988687640342e-76,0.428834054181422,0.151287109951144,0.85603069903187,0.790650031526947,0.704743589080726
chr5-177366939,349.652424029573,1.18560720515173e-76,0.428671299666551,0.148776324930655,0.384525343346969,0.481629058184906,0.533301668277624
chr15-40092930,349.621918650394,1.20382952020936e-76,0.428633685142286,0.158523976935726,0.294042065457613,0.369672920075157,0.452566042393339
chr4-182752543,349.588430651194,1.22415614077911e-76,0.42859239291146,0.125400131062839,0.887594039921575,0.837187292037965,0.762193908858736
chr7-117808562,349.503592969583,1.27720051202651e-76,0.42848778417951,0.171326257114561,0.407280682837289,0.488314557317043,0.57860693995185
chr13-106104340,349.377928329428,1.36002475642133e-76,0.428332833945041,0.128519609196008,0.836097236268931,0.774317124076135,0.707577627072923
chr1-47434583,349.342607973199,1.38425637341599e-76,0.428289282334401,0.226367975490573,0.0761519596056873,0.15899379744084,0.302519935096261
chr17-35448932,349.329574276112,1.3933068207132e-76,0.428273211191261,0.152593997680216,0.342416020607791,0.42363105460722,0.495010018288007
chr17-77377374,349.21701145626,1.47397279853956e-76,0.428134416098964,0.19959782795043,0.450924647124068,0.55368380022135,0.650522475074498
chr8-118201497,349.165174870402,1.51267503878081e-76,0.428070499223677,0.146904203006041,0.923546286008625,0.891595592582773,0.776642083002584
chr2-64858108,349.037785022672,1.61215945423437e-76,0.427913421729559,0.239231398797209,0.331668143029477,0.434305302322664,0.570899541826685
chr14-73764948,348.987693869774,1.65304680341011e-76,0.427851657052742,0.142694152158965,0.167321067588848,0.232175270547344,0.310015219747814
chr13-100547789,348.983681627723,1.65636634394453e-76,0.427846709775245,0.149236337024705,0.386199180851319,0.44383633031853,0.535435517876023
chr2-176092326,348.79128824175,1.82361892417004e-76,0.427609479952837,0.169048492958415,0.132137361378753,0.195330204568387,0.301185854337169
chr17-17810049,348.751442275658,1.86031518881037e-76,0.427560348058764,0.191842809005824,0.401157322505137,0.487092127144836,0.593000131510961
chr1-103108540,348.639529331942,1.96737939647154e-76,0.427422354293394,0.196332449815925,0.134672194222508,0.205766345396684,0.331004644038433
chr11-118168738,348.437974651461,2.17598131438418e-76,0.427173828176893,0.16792588140629,0.836496350427582,0.769837290202938,0.668570469021292
chr2-146215749,348.40557013984,2.21152428085828e-76,0.427133871935684,0.151699405583203,0.869271279453486,0.789693171975245,0.717571873870283
chr8-124729017,348.365707876626,2.25604465931215e-76,0.427084719946518,0.124138824350394,0.39048224741282,0.45877156907131,0.514621071763215
chr4-7485044,348.197571956188,2.45390611952172e-76,0.426877400685806,0.143941150483918,0.575336660469263,0.502318954794851,0.431395509985345
chr5-17691729,348.171322550928,2.48632518756762e-76,0.426845033971552,0.167199164215968,0.869327838064578,0.79645904974233,0.70212867384861
chr2-229943642,348.151297716431,2.51134435492186e-76,0.42682034243703,0.103728676271521,0.665876343025452,0.620388092154768,0.562147666753931
chr10-92696137,347.755133217035,3.06148612253987e-76,0.426331853535185,0.164706357651492,0.460854328106177,0.523796977041419,0.625560685757669
chr17-4838227,347.591695929004,3.32217305364694e-76,0.426130327902595,0.184111428387085,0.449655786761236,0.496491501733265,0.633767215148321
chr8-119672942,347.531101780909,3.42436542471582e-76,0.426055612553525,0.193698834479772,0.381355230091884,0.500386458616881,0.575054064571655
chr7-156196700,347.370811790378,3.71010868878345e-76,0.425857967682341,0.162370179102902,0.78902953533725,0.721763155709993,0.626659356234348
chr10-99522968,347.115112680125,4.21610083209928e-76,0.425542679013717,0.21010072235817,0.301479971439443,0.397806511920893,0.511580693797614
chr19-13007102,347.072805985558,4.30623544054486e-76,0.425490512929171,0.114893237670454,0.464527521626059,0.509410290366734,0.579420759296513
chr18-56197640,347.034885774704,4.38866104837678e-76,0.425443755579167,0.218048750356278,0.698186152090042,0.584478211006286,0.480137401733764
chr18-55332292,347.023890057442,4.41285573494144e-76,0.425430197358128,0.136080784916719,0.890209226978323,0.846409424171313,0.754128442061604
chr1-233282274,346.937462724035,4.60773173989339e-76,0.42532362851299,0.123114338644628,0.643365220159265,0.57771055210371,0.520250881514638
chr3-23947450,346.903896510633,4.68571637505718e-76,0.425282239840484,0.180520970178364,0.32110874685546,0.397586382447771,0.501629717033824
chr18-9787711,346.886259654132,4.72721975705372e-76,0.425260492791778,0.110580928271992,0.911290409975211,0.887716570246809,0.800709481703219
chr8-127795594,346.868993175543,4.76820765098215e-76,0.425239202435935,0.219112757388101,0.780848180314982,0.669129984881866,0.561735422926881
chr4-37890212,346.635018386782,5.35996729913601e-76,0.424950700846833,0.175708864298882,0.309251868377708,0.39443863883013,0.484960732676589
chr12-110150077,346.541501775248,5.61654204428656e-76,0.424835390598333,0.0830451255568425,0.898431057715466,0.87474362124735,0.815385932158623
chr1-224175746,346.48974402429,5.76378891042239e-76,0.424771570930074,0.198638828496081,0.187834930083343,0.289168000685858,0.386473758579424
chr1-15737153,346.469705332904,5.82182857822944e-76,0.424746862309376,0.155324075162816,0.57436964246601,0.655375506348763,0.729693717628826
chr17-35448941,346.469273274274,5.82308639972733e-76,0.424746329561373,0.162894077717067,0.241565864757278,0.337239394741333,0.404459942474345
chr1-2962247,346.438827482713,5.91240878485748e-76,0.42470878851136,0.118362582892611,0.946151272643918,0.921532271700807,0.827788689751307
chr8-35861042,346.213865606646,6.61628652202892e-76,0.424431400254804,0.138811448959717,0.860552106609759,0.781036019674321,0.721740657650042
chr4-7650069,346.09015844167,7.03844909371719e-76,0.424278863676535,0.227123096211308,0.6869155174537,0.58942168105588,0.459792421242392
chr5-153601572,346.071701457529,7.10370400446045e-76,0.424256105373032,0.131181495883271,0.904374660290504,0.872788223746109,0.773193164407233
chr11-47400858,346.045530585297,7.1972699096434e-76,0.424223835493584,0.132544332543969,0.158767061166702,0.219334817173755,0.291311393710671
chr21-44686188,346.009657286457,7.32752953513225e-76,0.424179602079478,0.194464580097782,0.540664849154488,0.473436706585537,0.346200269056707
chr7-156178259,345.989398181138,7.40213133495905e-76,0.424154621678345,0.21706339442675,0.677782793262377,0.570097759658625,0.460719398835627
chr5-539764,345.980132580652,7.43650348899223e-76,0.424143196770224,0.157750564714557,0.302559095062535,0.356874224244326,0.460309659777092
chr9-117936286,345.955440111889,7.52888541502415e-76,0.424112749829703,0.22866854294304,0.727682962085893,0.5915314439233,0.499014419142853
chr14-64716829,345.951691302394,7.54301082782395e-76,0.424108127376565,0.141570400743494,0.321997998409963,0.389742950060861,0.463568399153457
chr7-31085325,345.929287793584,7.62798080047981e-76,0.424080502828094,0.112036480429155,0.953759391688243,0.940429393203866,0.841722911259088
chr17-82525873,345.83771468965,7.98535886239168e-76,0.423967589013132,0.12361883432306,0.466746242337223,0.523420961513137,0.590365076660283
chr19-1155030,345.761562652848,8.29527222547158e-76,0.423873690077495,0.179829823826278,0.223162341326694,0.30801231614135,0.402992165152972
chr13-51625817,345.742726444385,8.37376701978491e-76,0.423850464173102,0.186790150489028,0.417914797735104,0.503805190290091,0.604704948224132
chr20-23106970,345.68936048062,8.60021176881794e-76,0.42378466150508,0.150939201880436,0.843968773916771,0.774387595126051,0.693029572036336
chr1-228148690,345.637928540449,8.82424279898224e-76,0.423721243576386,0.122094394156915,0.399842770067122,0.488369348472892,0.521937164224037
chr14-37611240,345.613135552158,8.93431330781524e-76,0.423690672690701,0.112855419129365,0.357764223964643,0.418527476031445,0.470619643094008
chr4-13525144,345.491299314595,9.49549437940269e-76,0.423540443051289,0.211468971607564,0.278952243547795,0.375128151372903,0.490421215155359
chr2-130317924,345.468824729541,9.60279980951012e-76,0.423512730862566,0.10912016810919,0.928965862575967,0.902335907951052,0.819845694466777
chr15-73983280,345.421045756352,9.8349679136655e-76,0.423453817208818,0.160094218888569,0.181346678173347,0.263299717987563,0.341440897061916
chr6-13014988,345.313162038424,1.03800536709442e-75,0.423320791662668,0.18979585551153,0.384811390771503,0.458812913160634,0.574607246283033
chr2-4054863,345.243358795744,1.07487306622935e-75,0.423234721079832,0.189708504040994,0.834773719109229,0.745790306099095,0.645065215068236
chr1-221713296,345.097823235892,1.15600530184109e-75,0.423055269094811,0.211933067205801,0.76197806267833,0.671171710147429,0.550044995472529
chr11-63699514,345.093821245944,1.15832077849594e-75,0.423050334458624,0.167874233813323,0.327061364399003,0.412679217319044,0.494935598212325
chr5-38607299,344.782530360284,1.35339573624949e-75,0.422666498594678,0.144409078161707,0.90585911444721,0.876200911265753,0.761450036285503
chr7-141475274,344.778988324302,1.35579474816679e-75,0.422662131102715,0.123732376671958,0.928316737806028,0.906499520913949,0.804584361134069
chr10-52755540,344.744092833498,1.37965788333114e-75,0.422619103370527,0.205825776005465,0.705563470888525,0.596669481597334,0.49973769488306
chr4-7461279,344.734780471983,1.38609679856287e-75,0.422607620803925,0.189050646974091,0.742806063465492,0.663165396019217,0.5537554164914
chr2-146539288,344.706346949341,1.40594334847289e-75,0.422572560973293,0.149302786588837,0.879274301184446,0.806817239423982,0.729971514595609
chr7-55476004,344.533134780656,1.53313488592025e-75,0.422358982466901,0.142658258192129,0.911537074494132,0.867207926841782,0.768878816302003
chr14-60652499,344.515833300753,1.54645516921344e-75,0.42233764895284,0.193466923975921,0.137318174977021,0.250128174830487,0.330785098952943
chr8-66542471,344.409813342099,1.6306444479205e-75,0.422206921506903,0.167678020678987,0.241137554714824,0.32820103533099,0.408815575393811
chr19-48716884,344.237985477335,1.77693369552648e-75,0.421995049910401,0.292626658678594,0.212702023228981,0.362819545406188,0.505328681907575
chr6-157048169,344.205433326061,1.80609184922516e-75,0.421954911622764,0.153460125936532,0.257053704442923,0.33050926107369,0.410513830379455
chr19-2602615,344.161428916962,1.8462702372434e-75,0.421900652178744,0.226216082851955,0.319638552674316,0.429801753030927,0.545854635526271
chr2-65403124,344.127028316805,1.87830132178624e-75,0.421858234669303,0.162517703283159,0.330868515143467,0.400013250486703,0.493386218426626
chr6-125042946,344.10384594743,1.90019972836221e-75,0.421829649750222,0.109359493209798,0.924191406679318,0.885298072390628,0.814831913469521
chr18-67418370,343.991157721478,2.01033849590396e-75,0.421690700026483,0.177386961934545,0.511698440210433,0.391735873953911,0.334311478275889
chr11-133437595,343.95828703791,2.04365210658632e-75,0.421650168973996,0.150507102131011,0.873541557810403,0.828408127906262,0.723034455679392
chr2-132637621,343.946359577503,2.05587631107865e-75,0.42163546187115,0.082332579577696,0.918443764660912,0.886778646023772,0.836111185083216
chr3-123632519,343.94236905235,2.05998241916405e-75,0.421630541371578,0.140369446485488,0.325550289817374,0.374912928083705,0.465919736302862
chr19-1356304,343.939049205457,2.06340467183319e-75,0.421626447848899,0.162259177024912,0.331687713855856,0.426461751058568,0.493946890880768
chr19-13002667,343.867614422097,2.13843609149756e-75,0.421538365501969,0.19352619609839,0.384274718772272,0.43168665379726,0.577800914870662
chr2-11203600,343.852774040305,2.15436271172155e-75,0.421520066634161,0.136241107366503,0.855365108578304,0.810140382404263,0.719124001211801
chr1-24965054,343.829227490101,2.17987651238742e-75,0.421491032663504,0.196187089666606,0.814971737192896,0.720972516727662,0.61878464752629
chr3-115097540,343.708846320367,2.3151137314088e-75,0.421342597189109,0.0844446903977096,0.276359013824747,0.310827332399883,0.360803704222456
chr17-81419782,343.696665379473,2.32925688869433e-75,0.421327577533258,0.160003670001645,0.211861843489621,0.298288173563258,0.371865513491266
chr11-405957,343.6755701993,2.35395495914851e-75,0.421301566213687,0.184769536254356,0.447447203537117,0.551856415203825,0.632216739791473
chr3-33646077,343.668889337885,2.36183133049113e-75,0.421293328406763,0.179985521202461,0.42461746518851,0.541523834653928,0.604602986390971
chr12-117889429,343.642231574381,2.39352263666353e-75,0.421260458168164,0.158712006792056,0.743743931574837,0.670898769330933,0.585031924782782
chr8-22132017,343.615663076955,2.42553091894963e-75,0.421227697998712,0.102963632282024,0.285509344134,0.342949714865091,0.388472976416024
chr22-42644714,343.527795743251,2.53446888666322e-75,0.42111935356751,0.139948059850349,0.156163483284226,0.20827671984416,0.296111543134576
chr12-69925399,343.522525631626,2.54115616043457e-75,0.42111285527944,0.135534885882208,0.892395693899805,0.864360525569533,0.756860808017596
chr3-113261606,343.51805628716,2.54684116123705e-75,0.42110734437381,0.219273960121128,0.369171163854555,0.461692253833548,0.588445123975683
chr7-50318478,343.4545807563,2.62896858536155e-75,0.421029076148335,0.134804922126523,0.761049081210686,0.700942182832682,0.626244159084163
chr3-32109566,343.381017473363,2.72746672237657e-75,0.420938369264319,0.188748263766137,0.272707856995742,0.35650726402209,0.46145612076188
chr17-79540935,343.282500106811,2.86518213665065e-75,0.420816892856733,0.154166085125809,0.779673596995963,0.702937641287773,0.625507511870154
chr3-39267943,343.263476344274,2.89256543583137e-75,0.420793435689611,0.164785490606351,0.855400681597208,0.786438994279203,0.690615190990857
chr18-77087615,343.169029541667,3.03243887112963e-75,0.420676978473078,0.241164441712362,0.187438177837712,0.324021301703128,0.428602619550074
chr1-169708779,343.152705841327,3.05729046236775e-75,0.420656850605829,0.202254321130186,0.833664384073246,0.750880837698653,0.631410062943061
chr2-208124523,342.934301205769,3.41006506469383e-75,0.420387547725979,0.26439756602322,0.0939937743923445,0.18871275384488,0.358391340415565
chr11-46279858,342.864272517797,3.53158124587606e-75,0.420301199158812,0.153631454681134,0.335228555570653,0.423210598662178,0.488860010251787
chr2-222451491,342.816466481469,3.6170136753566e-75,0.42024225213498,0.134445757149976,0.735808273186124,0.661594548562647,0.601362516036148
chr6-70312036,342.804685296061,3.63838290665074e-75,0.420227725395883,0.150842368646893,0.54527441138651,0.456015731537026,0.394432042739617
chr10-74813396,342.588825408471,4.05304832287635e-75,0.419961560306376,0.130602476342292,0.402179785942097,0.484113303136981,0.53278226228439
chr7-150755840,342.569445144532,4.09251380003357e-75,0.419937663556759,0.222117164609446,0.699823316348537,0.608896090595412,0.477706151739091
chr1-90719883,342.506153189926,4.22409644848084e-75,0.419859621689181,0.169185851508932,0.166207083548144,0.241955370787722,0.335392935057076
chr4-28444945,342.443493887798,4.3585308111514e-75,0.419782359910972,0.148814242110977,0.851604582703255,0.759863012591672,0.702790340592278
chr17-8799050,342.422137197163,4.40532209032547e-75,0.41975602613707,0.135992792947304,0.371029337224334,0.434656540484478,0.507022130171638
chr1-61080541,342.421518685776,4.40668467194597e-75,0.419755263484311,0.206115863474438,0.380351340434265,0.484531226341204,0.586467203908703
chr8-21509215,342.41890781848,4.41244106286851e-75,0.419752044165821,0.166195209153843,0.461926909463726,0.337281504978284,0.295731700309883
chr17-20066435,342.416809856481,4.41707205819421e-75,0.419749457282961,0.177403038225365,0.34759035623324,0.423556334130296,0.524993394458605
chr1-227921467,342.291207611087,4.70336480726732e-75,0.419594583984078,0.112584549755576,0.691079359631264,0.634686448717567,0.578494809875688
chr9-134056086,342.28336742442,4.72183862217561e-75,0.419584916676227,0.171585935129967,0.224276533334112,0.301581706818482,0.395862468464078
chr16-4937909,342.245785194005,4.81140613690554e-75,0.419538576071523,0.214169155806661,0.501072927620911,0.627360265195688,0.715242083427572
chr3-129087526,342.203378302339,4.91451378204366e-75,0.419486286439382,0.180857187059758,0.335751891001504,0.404187544331415,0.516609078061261
chr16-1531304,342.163261352221,5.01408673646719e-75,0.419436820409643,0.168839742970691,0.359288500157273,0.462338940305127,0.528128243127964
chr4-124144536,342.101910857737,5.17027844903899e-75,0.41936117245097,0.154818413657827,0.340098318989304,0.409905043036369,0.494916732647131
chr4-116705637,342.093332866902,5.19250137255582e-75,0.41935059539692,0.138623698279905,0.926692580330372,0.888236392669859,0.788068882050468
chr19-50363895,342.068999156717,5.25606367689103e-75,0.419320590822093,0.114790019766696,0.898017246197655,0.859830581124746,0.783227226430959
chr4-1034178,342.030672248019,5.35775932094601e-75,0.419273331995091,0.19698270406035,0.508057958528345,0.598587269938727,0.705040662588695
chr2-240520584,342.025597508364,5.37137119967308e-75,0.419267074609573,0.153906221349867,0.148588542202848,0.216401697738713,0.302494763552715
chr10-18501442,341.982006298918,5.48972863366167e-75,0.419213324659579,0.101149692614965,0.921723734231065,0.878502047093128,0.820574041616099
chr8-124729023,341.977618827534,5.50178486656456e-75,0.419207914707194,0.134554237358944,0.37497385458501,0.447208426913258,0.509528091943953
chr2-460966,341.971977727239,5.51732483200677e-75,0.419200958973167,0.24419334986866,0.675152271499679,0.548841481695106,0.430958921631019
chr10-75547445,341.956972336345,5.55887531530599e-75,0.419182456641609,0.196513990067067,0.813830519531793,0.714467903702225,0.617316529464726
chr15-60795723,341.942621895908,5.59890490869449e-75,0.419164761893845,0.164077563190161,0.882795641142588,0.825265192985553,0.718718077952427
chr12-40561571,341.782656078257,6.06511761985985e-75,0.418967516742611,0.15191021434061,0.859839755863975,0.790430228733128,0.707929541523365
chr3-137351507,341.571342926479,6.74101502868865e-75,0.418706957985794,0.196311116905026,0.577322782803107,0.438819603633709,0.381011665898081
chr13-45242402,341.564590258259,6.7638134134907e-75,0.418698631637804,0.171947638905148,0.198817654151466,0.277148038016009,0.370765293056614
chr17-73143327,341.543206917348,6.83651785089336e-75,0.418672265002895,0.162504555654959,0.482669224172457,0.401881542002584,0.320164668517499
chr4-139849441,341.534132307995,6.86760769401648e-75,0.418661075595555,0.177065011995772,0.248690296632131,0.322591225370899,0.425755308627903
chr1-92481142,341.49067143612,7.01847709516929e-75,0.418607486357732,0.214425240752905,0.252794594882192,0.321616299510375,0.467219835635097
chr7-95275973,341.48524360339,7.03755052515765e-75,0.418600793592343,0.120123327488694,0.907494364167995,0.854404127686084,0.787371036679301
chr10-47373042,341.48346856042,7.04379927498918e-75,0.418598604883379,0.156775999132243,0.639709207317663,0.57077120565372,0.48293320818542
chr21-32021884,341.46045336529,7.12532466339335e-75,0.418570226097768,0.17304196555911,0.356409307284505,0.444052988410071,0.529451272843616
chr5-37802330,341.459184741762,7.1298457743924e-75,0.418568661827081,0.13718623384958,0.893058054941131,0.845312884898923,0.755871821091551
chr9-128888306,341.441205720739,7.19422854917351e-75,0.418546492873907,0.190847340126716,0.428617207918549,0.541697089303478,0.619464548045265
chr5-38726450,341.356632443266,7.50497214025214e-75,0.418442210164324,0.130076567786758,0.926230394889021,0.898367467593966,0.796153827102263
chr10-99527473,341.325850560976,7.62137419557212e-75,0.418404254699107,0.134824635741786,0.244287454625682,0.327678866051517,0.379112090367468
chr3-155184123,341.299932835758,7.72078124669178e-75,0.418372296961477,0.158774498674833,0.847343436422403,0.764290399897956,0.68856893774757
chr8-30802978,341.239766971677,7.95657386886146e-75,0.418298109706137,0.198226031379391,0.24817225176564,0.324027709623243,0.446398283145031
chr1-54397139,341.186011291448,8.17332929921722e-75,0.418231826499936,0.155029345857377,0.396456505064594,0.485163371436039,0.551485850921971
chr19-49338702,341.161035506508,8.27603692276166e-75,0.418201030217643,0.175556619898108,0.367112367731842,0.429905247431209,0.54266898762995
chr1-19003660,341.068641612169,8.6673333246429e-75,0.418087104330664,0.136243381134846,0.861935735760089,0.81561631278469,0.725692354625244
chr5-38256044,341.029905696532,8.83683805242517e-75,0.418039341179448,0.144350689161052,0.872138305758887,0.81969410796544,0.727787616597836
chr1-2214213,341.023886299785,8.86347433301896e-75,0.418031918988637,0.211879926765569,0.303384837097038,0.404365546042122,0.515264763862607
chr1-37557005,340.994192016592,8.9960533658748e-75,0.417995304582727,0.149844098768788,0.405441449184993,0.513218239506888,0.555285547953781
chr7-55538647,340.920593243459,9.33326922584263e-75,0.417904553937681,0.211742877513937,0.840450529166217,0.746624798919307,0.62870765165228
chr10-22334891,340.913597980577,9.3659707172785e-75,0.417895928459405,0.137094401592376,0.310814528465781,0.383107997496347,0.447908930058157
chr7-50308577,340.833923023266,9.74661907095595e-75,0.417797685602054,0.20744895488678,0.791668657875058,0.715279711406277,0.584219702988278
chr6-132865555,340.772466440304,1.00507650340772e-74,0.417721906831447,0.0934000363082692,0.908701954969913,0.878705654625963,0.815301918661643
chr15-90184130,340.723638161429,1.0299165719402e-74,0.417661699335918,0.14580625914532,0.27163552100764,0.352872142562504,0.41744178015296
chr4-7566699,340.71514523,1.03429937648071e-74,0.417651227163994,0.148415269807485,0.892079954059327,0.85762928653433,0.743664684251842
chr3-39220950,340.704532503371,1.03980233217672e-74,0.41763814118788,0.178437472668248,0.824584612873962,0.748154855537401,0.646147140205714
chr4-37890194,340.662396782388,1.06194113236532e-74,0.417586185921563,0.19752575222936,0.380238956296189,0.474068366432672,0.577764708525548
chr15-73926412,340.647856579163,1.06968968455623e-74,0.417568257187623,0.157611519621823,0.286919372647028,0.368494451950004,0.444530892268851
chr19-1155184,340.538936396702,1.12956057251019e-74,0.417433953633418,0.145258128667845,0.125586760599239,0.191013145186415,0.270844889267084
chr3-45780043,340.461766791967,1.17399620114145e-74,0.417338799990096,0.103686200854112,0.816950597667413,0.769439530774582,0.713264396813302
chr11-96163121,340.340984203293,1.24707995174209e-74,0.417189869547833,0.223164161370346,0.334834982699221,0.411340763624437,0.557999144069567
chr14-72238172,340.258126449262,1.29983022128665e-74,0.41708770215692,0.140978752075208,0.89348766816075,0.871999378151861,0.752508916085542
chr17-3944577,340.246611221811,1.30733572777891e-74,0.417073503356117,0.160025570491631,0.277185609109783,0.361624850879331,0.437211179601415
chr11-67367840,340.218252128689,1.32600520515847e-74,0.41703853530048,0.120238382676514,0.433203930907674,0.489284694345746,0.553442313584188
chr8-3459370,340.202000577183,1.33682392180744e-74,0.417018496396033,0.182527540844776,0.957619488950147,0.914609335834321,0.775091948105372
chr7-28958923,340.116404816812,1.39527910866064e-74,0.416912952918387,0.135604578602179,0.229876926612137,0.289684801085607,0.365481505214315
chr19-3097571,340.05554674328,1.43838867290979e-74,0.416837912137213,0.182154320765473,0.450824651388965,0.525673828177072,0.632978972154438
chr1-214188736,340.025928200678,1.45984867227341e-74,0.416801391122907,0.121162896148028,0.927511106012209,0.897413255236477,0.806348209864181
chr1-234531770,340.01868011728,1.46514882291844e-74,0.416792453905401,0.241440150404319,0.388774700208216,0.480820067659084,0.630214850612534
chr2-136008710,339.911672279275,1.54567505221027e-74,0.416660508359155,0.153040431150142,0.591985574756808,0.49526138534424,0.438945143606667
chr19-33798966,339.900242796373,1.55453347318515e-74,0.416646415285294,0.221308794734065,0.381705433555662,0.469623338274004,0.603014228289726
chr12-52778695,339.813913204329,1.62310386049249e-74,0.416539966959716,0.121904835588405,0.884384389682474,0.861702665322614,0.762479554094069
chr1-164720761,339.810525892307,1.62585516932993e-74,0.416535790249454,0.177808034511902,0.850899455212213,0.78289140021544,0.673091420700311
chr1-147851522,339.805792492917,1.62970763728302e-74,0.416529953752055,0.109146822026634,0.887594558524947,0.85427987564409,0.778447736498313
chr10-23980778,339.79238436921,1.64067000321803e-74,0.41651342092381,0.102894211188926,0.928295979940263,0.910077671183294,0.825401768751337
chr19-45444646,339.730880979787,1.69190716332197e-74,0.416437584438702,0.160236449203088,0.100179235485492,0.192589448605036,0.26041568468858
chr11-35067273,339.711648759076,1.70825520563131e-74,0.416413870233139,0.18625498326631,0.823915434997253,0.767802255971733,0.637660451730943
chr19-13002640,339.695930450335,1.72173354178314e-74,0.41639448884135,0.123006493820638,0.419825072094038,0.453392201920049,0.542831565914676
chr10-10232083,339.661180788596,1.75190976512079e-74,0.416351640923053,0.149330562415793,0.890639743245196,0.842594978000598,0.741309180829403
chr22-39364030,339.656495463362,1.75601870969238e-74,0.416345863703282,0.167340909014059,0.458144084208027,0.50496218228474,0.625484993222085
chr17-81419662,339.655674743659,1.75673945714164e-74,0.416344851718446,0.202847087212494,0.228879699160112,0.32884052670794,0.431726786372606
chr1-156113760,339.63103506596,1.77851607090664e-74,0.416314469871714,0.163092285423808,0.263729660470932,0.347931168299682,0.42682194589474
chr8-17847559,339.571181847387,1.83254545222064e-74,0.416240668122549,0.188886105454405,0.289508433140739,0.376381274330591,0.478394538595143
chr5-6456629,339.553088764571,1.84919886485452e-74,0.416218358525981,0.160813449318724,0.912319502967014,0.873189550204643,0.75150605364829
chr7-74455445,339.474542328254,1.92326779798272e-74,0.416121507186504,0.106879326675357,0.401804121530103,0.450479637955886,0.50868344820546
chr19-15315421,339.45253584178,1.94454683589939e-74,0.416094372184686,0.138783054697399,0.526959360010117,0.586007142883029,0.665742414707516
chr9-109116284,339.43639820176,1.96030050561041e-74,0.416074473738299,0.183077388139027,0.390836528347845,0.458181724811022,0.573913916486873
chr7-150515996,339.354271393552,2.04247270631876e-74,0.415973207636932,0.24680820234375,0.689768457277026,0.610102934740489,0.442960254933276
chr11-133436603,339.351149767989,2.04566311299064e-74,0.415969358530196,0.170444392782848,0.856371592813804,0.812397295822841,0.685927200030956
chr17-81992412,339.35024163565,2.04659219032043e-74,0.41596823876159,0.132470709887478,0.527754932510426,0.58103385264138,0.660225642397904
chr5-6520330,339.322390846359,2.07529115267155e-74,0.415933897467767,0.143549636223439,0.707688335768545,0.650952813131412,0.564138699545106
chr5-129760404,339.238658948825,2.1640195759844e-74,0.415830652218033,0.115903404150801,0.875600203835078,0.82184246201186,0.759696799684277
chr1-53470514,339.205996442131,2.19965088798791e-74,0.415790377857128,0.137405186054665,0.312358218688174,0.385947047746331,0.449763404742839
chr16-2503176,339.183771230125,2.22423106360395e-74,0.415762973156751,0.127288274755757,0.455607350840595,0.550156968916101,0.582895625596352
chr11-31818241,339.090148821969,2.33082543916176e-74,0.415647532456188,0.238206828591138,0.161156433454126,0.259724479268043,0.399363262045264
chr2-1163546,339.076006527841,2.34736545815703e-74,0.41563009436232,0.134754268598296,0.650431972348527,0.597273770230145,0.515677703750232
chr21-26412110,338.830157558656,2.65439857134264e-74,0.415326951367023,0.131414380613268,0.89745020365153,0.855443318318619,0.766035823038262
chr6-30883639,338.800108297223,2.69458103711127e-74,0.415289899256748,0.1357141989405,0.418623613377091,0.463465813522791,0.554337812317592
chr4-148215355,338.687153909647,2.85114288659267e-74,0.415150621343584,0.187933812550511,0.385911517948007,0.455320007502909,0.573845330498518
chr10-48983517,338.652577580894,2.90086245516931e-74,0.415107987152767,0.103704814637934,0.936304121611075,0.910644296242301,0.832599306973141
chr2-864734,338.651065779465,2.90305604813654e-74,0.415106123032632,0.141704133555586,0.931380462435079,0.899253536765905,0.789676328879494
chr3-154122557,338.455165137437,3.20180371786478e-74,0.414864568603498,0.205352825145906,0.161730379751887,0.256315014039104,0.367083204897793
chr3-108301879,338.369454696505,3.34200034467308e-74,0.414758883719488,0.178000243095809,0.637541308803137,0.521828612207714,0.459541065707328
chr4-7686336,338.316697942546,3.43132989419186e-74,0.414693832234952,0.122096377041511,0.923161227756552,0.903912759740835,0.801064850715041
chr1-210246603,338.266297926202,3.51889816203169e-74,0.414631686715416,0.172927737797659,0.75063179251005,0.657876696517628,0.577704054712391
chr11-11416660,338.131980353148,3.76333941297234e-74,0.414466067019912,0.166973830064751,0.590620584350545,0.508319238990166,0.423646754285794
chr6-93040614,338.108497339184,3.80778711985726e-74,0.414437111392335,0.153105987827959,0.681152282684073,0.611767176893967,0.528046294856114
chr1-112723056,338.091400517008,3.84047717443638e-74,0.414416030230589,0.119605576942519,0.218385901716452,0.298130516570778,0.33799147865897
chr7-157598566,338.090119827842,3.84293719073514e-74,0.414414451082419,0.160295516243413,0.832994183020887,0.792474999559228,0.672698666777474
chr2-110115453,338.057600327121,3.90593315150798e-74,0.414374353054404,0.19332402309841,0.333388416044635,0.448071623433355,0.526712439143044
chr14-58004893,338.043710686852,3.93315356573959e-74,0.414357226494268,0.141672030369038,0.83841819792075,0.785975628351087,0.696746167551712
chr11-121140417,338.008879082697,4.00225255037355e-74,0.414314277537235,0.133563286611359,0.888652401942497,0.831060354797963,0.755089115331138
chr9-14316216,337.977209463231,4.06613188178185e-74,0.41427522745158,0.124713433774114,0.147739413448985,0.205304563473678,0.272452847223099
chr12-49869202,337.97446733326,4.07171063637504e-74,0.414271846280222,0.168107868676708,0.36844202496473,0.418859939281885,0.536549893641439
chr14-68459184,337.896598815093,4.23336622314489e-74,0.41417583084475,0.173811684897816,0.314292003818537,0.385010793557529,0.488103688716353
chr4-159228107,337.835513813525,4.36465860708123e-74,0.414100510250956,0.167772414328532,0.399669939715027,0.520761959751699,0.56744235404356
chr3-54869954,337.827408785485,4.38238233585254e-74,0.414090516381609,0.19821930248439,0.799993072887773,0.730995307769634,0.601773770403383
chr18-23192544,337.824755844021,4.38819929491758e-74,0.41408724518375,0.130708186922602,0.230795345860983,0.316129857973336,0.361503532783585
chr9-34652908,337.809048796994,4.42279780353229e-74,0.414067877678168,0.145010983934533,0.419018411342753,0.465220335769619,0.564029395277286
chr10-92420625,337.738886665309,4.58070789726822e-74,0.413981364568815,0.180882862764835,0.0829935722123679,0.181978704565032,0.263876434977203
chr7-771470,337.734230302508,4.59138504053534e-74,0.413975623061046,0.188680224023919,0.436578961595393,0.568620742571127,0.625259185619312
chr19-13026827,337.695453728291,4.68127270004634e-74,0.413927809775945,0.176666334049471,0.363723132280095,0.43343827192146,0.540389466329565
chr15-99564395,337.670900705401,4.73909660963896e-74,0.413897534778546,0.159088042113345,0.262832652954241,0.332998819255493,0.421920695067586
chr4-85760822,337.660510993569,4.76377959045346e-74,0.413884723789851,0.174288487328452,0.316506501254636,0.381192560531859,0.490794988583088
chr8-118868931,337.653013280743,4.78167183288958e-74,0.413875478767871,0.168361584946622,0.817443233731151,0.755383987255153,0.649081648784529
chr13-94195782,337.560948849757,5.00692751585312e-74,0.413761959124238,0.12954660699013,0.874374901866096,0.838804707039138,0.744828294875966
chr5-37948700,337.555082189903,5.02163604812083e-74,0.413754725264985,0.139030928361536,0.757629090403608,0.71043233347006,0.618598162042071
chr7-1088130,337.524102914216,5.10002491213795e-74,0.413716526404706,0.167559789656194,0.23830393819154,0.324109069197159,0.405863727847735
chr12-75207376,337.499219528393,5.16387422910201e-74,0.413685844054739,0.195106504542518,0.219938786578936,0.320820584599156,0.415045291121454
chr19-3409475,337.481478093398,5.20988527234875e-74,0.413663968055978,0.133621536222123,0.380525236254591,0.446491956138289,0.514146772476714
chr4-7646830,337.344938764393,5.57798443828144e-74,0.413495608834023,0.177484172771964,0.863683585295617,0.786105779250642,0.686199412523653
chr2-42568121,337.297366078389,5.7122548598617e-74,0.413436949541786,0.148818499041138,0.356049706495347,0.432850800228848,0.504868205536485
chr2-37711496,337.227688460662,5.91477022917767e-74,0.413351033860249,0.152811129729958,0.665021448394367,0.594893467837761,0.512210318664409
chr5-60843010,337.147146962646,6.15782358034813e-74,0.413251722518675,0.18219356164481,0.319271818717443,0.384752274099475,0.501465380362254
chr6-157187544,337.113740335992,6.26154345835056e-74,0.413210530623911,0.173899907095327,0.496306041994388,0.574762147163906,0.670205949089715
chr6-150876797,337.108994571368,6.2764190060501e-74,0.413204678879616,0.186363518244614,0.335782365385381,0.414628198387119,0.522145883629995
chr1-164664247,337.091895347559,6.33030999796951e-74,0.413183594756546,0.136889304085475,0.912098262351425,0.875602293020961,0.77520895826595
chr4-152138608,337.023941329281,6.54909070875054e-74,0.413099804351765,0.176846563131961,0.711962020241712,0.633540827980577,0.535115457109751
chr22-30080214,336.962629228407,6.75296904947276e-74,0.413024203734164,0.132788390146483,0.293059771356232,0.384906610662292,0.425848161502714
chr3-128497278,336.904807277413,6.95105358362165e-74,0.412952906630595,0.162397907053972,0.292945237351722,0.380868048385903,0.455343144405693
chr12-116540072,336.812284279203,7.28017384664999e-74,0.412838821552655,0.161832088111405,0.358591180296064,0.417551269589571,0.520423268407469
chr2-153480976,336.799689264075,7.32616546078947e-74,0.412823291324383,0.106450170530323,0.911463976425003,0.883620853406045,0.805013805894679
chr14-70171831,336.770440637448,7.43409285837974e-74,0.412787226433351,0.189514349727176,0.828651196744054,0.757924804806386,0.639136847016878
chr5-64505473,336.735054095653,7.56679679866668e-74,0.412743593212889,0.118859085683038,0.915225903826407,0.879863976964001,0.796366818143369
chr1-32767871,336.694199363207,7.72295605910216e-74,0.412693217463881,0.121812664227843,0.191020948323299,0.246656836688189,0.312833612551142
chr8-28400599,336.654689978049,7.87703758766539e-74,0.412644500589456,0.159454862503873,0.282691830930672,0.377162064569251,0.442146693434545
chr19-51824856,336.653964022285,7.87989729705866e-74,0.41264360545288,0.214117637594857,0.831489663553409,0.768324096213748,0.617372025958552
chr4-184218023,336.560206696644,8.25809171198879e-74,0.412527998392902,0.138054681535737,0.749805281248322,0.689029365735373,0.611750599712585
chr1-47434524,336.447166591778,8.73828184997027e-74,0.412388614786409,0.148730547811476,0.168814098939156,0.221045818796112,0.317544646750632
chr19-54523621,336.342618447037,9.20721723008125e-74,0.412259702154177,0.178196676987813,0.605326951324077,0.550351701441938,0.427130274336264
chr5-156396194,336.338817669067,9.22473116065678e-74,0.412255015621538,0.176984405641714,0.44010756997883,0.544851054424189,0.617091975620544
chr1-228322060,336.316710587097,9.32726272911835e-74,0.412227756580884,0.130128320859412,0.913256262688496,0.882738041743025,0.783127941829084
chr1-66564512,336.283143056769,9.48513041763511e-74,0.412186366284549,0.215047863258361,0.683678755805188,0.552588353151796,0.468630892546828
chr4-184009320,336.21135598675,9.83176910724384e-74,0.412097849552096,0.0889242313054378,0.924833422087666,0.900418219599989,0.835909190782228
chr17-1557428,336.197270785724,9.90125472191539e-74,0.412080481856627,0.132481477269882,0.336499520798053,0.397665646794941,0.468980998067936
chr5-131416989,336.166056032162,1.00569995576531e-73,0.412041992641384,0.128910302282163,0.824527078403432,0.758426911850932,0.69561677612127
chr8-13653511,336.150924345801,1.01333778077686e-73,0.412023334581752,0.143092001217677,0.327380890673296,0.398762007623786,0.470472891890973
chr9-134635462,336.048719011603,1.06646803089885e-73,0.411897310741804,0.136891246177321,0.901466163332305,0.858069312025961,0.764574917154984
chr1-245956298,336.015303887067,1.08443579271934e-73,0.411856108368763,0.170253781862886,0.809221848601659,0.723320088842979,0.638968066738773
chr2-6770386,335.952195395257,1.11919994019874e-73,0.411778292719182,0.153594369620816,0.84185032315963,0.767281280239175,0.688255953538814
chr11-64373568,335.894940532889,1.15170277609367e-73,0.411707694861761,0.152645957068684,0.79304591232433,0.729962907609943,0.640399955255645
chr11-78671974,335.819035882569,1.19625261200993e-73,0.411614100964943,0.12564355610173,0.749826795596879,0.682021617043258,0.624183239495149
chr12-122774188,335.714253292213,1.26059665230741e-73,0.41148489925057,0.127586427395338,0.149684307795105,0.206016220171872,0.277270735190443
chr4-168612400,335.612571746685,1.32634350959358e-73,0.411359521265949,0.128010753542676,0.886179816869087,0.852443056669426,0.75816906332641
chr16-4218002,335.440829482255,1.44527128935057e-73,0.411147755218563,0.140588326052389,0.390591273633798,0.448774934525952,0.531179599686187
chr2-112647100,335.358163409189,1.5062604921434e-73,0.411045824179024,0.146200997831049,0.649895660893975,0.580564383385091,0.503694663062927
chr14-104688351,335.34397324691,1.5169855350858e-73,0.411028327061541,0.15190578405789,0.324719564415556,0.408132574449989,0.476625348473446
chr4-7938698,335.331711217636,1.52631476520518e-73,0.41101320742002,0.106388384974662,0.116838380103106,0.155745545617742,0.223226765077768
chr13-105465075,335.32009361461,1.53520662524547e-73,0.410998882385462,0.141616724458447,0.900035267478965,0.866022134513145,0.758418543020518
chr1-90719864,335.301140268347,1.54982443130787e-73,0.410975512044818,0.238240708956182,0.0852286436111164,0.148493572434519,0.323469352567299
chr15-73926425,335.23565930154,1.60140623128224e-73,0.410894771025326,0.157096000419658,0.232782661562893,0.315865150781383,0.389878661982551
chr8-66542431,335.134919734465,1.68413473467286e-73,0.410770554543114,0.199305718618221,0.358953422700536,0.451599910023674,0.558259141318757
chr17-82293762,335.060603422409,1.74789127800431e-73,0.410678919139838,0.178189193506233,0.357481770015881,0.452839106076686,0.535670963522115
chr15-40338169,334.823618074674,1.96777359973707e-73,0.410386705394173,0.144387029475063,0.549228018456302,0.460850351825757,0.40484098898124
chr6-100479798,334.814995439886,1.97627561054942e-73,0.410376073292091,0.137609719437878,0.737477448325463,0.656779849080866,0.599867728887585
chr10-34018454,334.770115785751,2.02112420895568e-73,0.410320734631013,0.122939523229835,0.898213671599357,0.847637389887969,0.775274148369522
chr10-86968320,334.604122929305,2.1960281095635e-73,0.410116057865974,0.164689264893749,0.168938353018154,0.232901567907758,0.333627617911903
chr10-99537884,334.523397814771,2.28647854601745e-73,0.410016520116857,0.277336352040266,0.265085239905746,0.405509085607567,0.542421591946013
chr2-112647083,334.489812373742,2.32519894168419e-73,0.40997510773581,0.181831318318405,0.785373856955265,0.7064295629825,0.60354253863686
chr17-74532624,334.472112647169,2.34586795851893e-73,0.409953283165436,0.168177038481476,0.868154716999115,0.816609492708115,0.699977678517639
chr12-19190965,334.438968572321,2.38506768264389e-73,0.409912415009028,0.162795195153383,0.25082392769036,0.338324316199992,0.413619122843743
chr19-16142343,334.365264389352,2.4746020467223e-73,0.409821534388843,0.164558652474438,0.714874260044823,0.616858924923103,0.550315607570385
chr6-45710687,334.360799253995,2.48013293501272e-73,0.409816028673236,0.179671235832991,0.840281253576372,0.740750223883865,0.660610017743381
