slideId,dim1,dim2,group,split
101230,-0.29848728,1.5335159,IA,train
101292,23.813332,-2.913506,IIB/C,train
101543,21.999456,-3.0667732,III,train
103741,-18.054888,-3.333352,IA,train
103818,-19.137115,-3.4866743,IA,train
103870,-28.830767,-1.4034984,0,train
104651,7.726326,0.4985306,IIA,train
106914,0.07830959,-0.33296344,IB,train
107862,15.221061,5.7659655,III,test
108136,12.927602,-2.162835,III,train
108557,-0.75247234,5.8545685,0,train
109042-2,-20.213799,0.49153706,0,train
109070,24.833475,2.9838045,IIA,test
112284,-21.481085,-4.74062,0,train
113308,-6.0049424,-0.57774085,0,train
114434,-10.350868,-1.2754679,IA,train
115670,16.00053,1.4742681,IA,train
115686,25.667143,-0.6026426,IIB/C,train
117956-2,-12.570671,5.7466183,0,train
119659,9.854029,3.3797348,IB,train
121285,15.779394,0.5793539,IB,train
121495-1,-6.4094486,0.27040502,0,train
121495-2,24.152636,2.6441135,IB,train
122032,19.268307,0.80323815,IIB/C,test
122547,0.87219816,3.2311757,IA,train
124768-1,-12.264457,-4.1232004,0,train
124768-2,-12.613487,-4.06232,0,train
125801,26.727802,-1.4673743,III,test
125853,-20.513819,-2.9442341,IA,train
126304,24.074327,3.7037938,III,train
127505,-15.384715,1.9367934,0,train
127678,-15.855557,-5.814636,IA,train
130113,3.9230964,4.722092,IA,train
130714,-11.138026,-3.587921,IA,train
131477,-21.924183,0.059107922,0,train
133804,-6.8618264,1.3345684,IA,train
135304,22.439997,2.8336005,IIB/C,train
136919,-23.121725,-2.2707722,IA,train
140682,4.724859,5.2648287,IA,train
142905,-28.841103,-2.4715629,IA,train
143742,23.703402,0.47522116,IIB/C,train
145604,4.940241,4.9857516,IB,train
145619,9.272979,0.99956626,IA,train
146350,-15.307128,1.7310185,IB,train
148034,-10.572992,3.9173646,IB,test
151962,8.528863,7.082271,IB,train
154396,23.92979,-0.8017626,IIA,train
155171,5.8642483,5.9059935,IIB/C,train
157270,-24.57112,-3.6188226,IA,train
157458,22.181715,3.832168,III,test
158283,-16.247204,3.0054774,IA,train
159603,0.06459412,0.71665394,IA,train
161831,-3.0293171,1.8981838,IA,train
162764,-27.440435,0.74954885,0,train
163476,-5.0109935,2.22912,IA,test
164077,-7.4177547,-0.9902253,IA,train
170656,-3.7985325,0.5640923,0,train
171489,2.3774476,1.2536225,IA,train
173685,3.0475512,7.8412046,IA,train
175669,-15.136953,1.8590347,0,train
176086,17.521599,2.1738653,IB,train
177224,-17.173439,1.0932672,IA,train
177931,-14.810576,0.45734152,IA,train
178340,4.3031983,0.4015388,IA,train
183030,21.046982,3.0110855,III,test
184128,-7.718224,5.483863,IA,train
184217,24.524303,-1.9496875,III,test
185519,0.8665881,-1.4758174,IB,train
185660,14.662586,-1.0535431,IB,train
185800,18.996399,-1.1490477,IIB/C,test
186342,0.8244953,-2.294286,IA,test
188206,-4.5984454,2.8794563,0,test
189097,-26.13428,-2.3635535,0,train
194840,-15.627024,-6.658839,0,train
196148,23.603653,-1.3423799,III,train
197688,0.7322571,2.1872776,IB,train
197778,-20.5873,-4.4541373,IB,train
199254-1,-6.6475024,-3.0223334,0,test
203050,-24.662798,0.54538155,IA,train
203829,23.930403,1.373538,III,train
204877,-18.518787,1.237483,IIB/C,train
205329,-19.654102,-2.2983084,IA,train
208179,6.5364633,2.8303268,IA,train
209320,-19.071272,-5.9924507,IA,train
209649,10.330271,9.497201,IIB/C,train
213658,12.854954,0.49716532,IA,train
214111,-17.89986,-6.450314,0,train
217072,-2.9769993,-4.691659,IA,train
217797,-12.550849,-4.8435817,0,test
218196,-19.742805,-1.3144813,0,train
219047,-26.551785,-2.838609,0,train
219350,12.176523,-6.935296,IIB/C,train
220100,14.570657,-2.4457433,IB,train
220126,27.670488,1.7728927,IIB/C,train
222180,23.069815,-1.9878213,IIB/C,train
222814,-25.263968,-3.174943,0,train
223426,-4.45691,0.74955696,0,train
224451,-17.329815,4.548004,IB,train
226010,25.585337,3.910683,IIB/C,test
227001,-15.962876,-4.7891245,IA,train
227088,23.01312,1.4898448,IB,train
227913,-11.981282,-2.4252303,0,train
227935,-18.60974,-3.4679651,IA,train
231618,13.930096,3.245386,IA,train
232419-1,-14.727409,3.6750872,0,train
232419-2,-11.623705,3.4113727,IA,train
232516,7.657016,-1.2156799,0,train
232645,4.7837353,6.2909555,III,train
233464-2,-17.034527,-2.2022908,0,test
233551,-4.5012913,-5.2720394,IA,train
234142,-15.480362,0.7980131,IIA,train
235405,15.205592,-3.2920384,III,train
237476,25.886087,1.9746416,IIB/C,train
242002,3.5615518,-1.7815474,IA,train
244082,-26.003489,-2.0685728,IA,train
244277,17.563324,-1.9901003,IA,test
244557,11.161781,0.5226288,IB,train
247307,-24.919878,-2.765641,IA,train
247394,-24.548235,-1.8241636,IA,train
247614,24.223185,4.185365,III,test
249478,16.106384,-1.6516707,IIB/C,test
250432,15.778401,-2.5137358,IB,train
250459,15.780442,-0.53391755,IB,train
250982,23.736954,2.559919,IIA,train
251369,1.5219332,-3.277168,0,train
252900,19.711748,-2.3968525,IIA,train
255604,19.51362,3.2499223,IB,train
257169,8.958366,7.3762226,IIA,train
258652,24.689772,1.0162153,IIB/C,train
259985,-5.9742384,-1.5920541,IA,train
261235,-17.976254,-5.3203835,IA,train
271360,-10.072384,-3.22332,0,train
273694,17.719574,-1.0755993,IA,train
275916,25.521412,4.910379,IIA,test
276146,-20.452316,-5.431111,IA,train
277647,16.910915,4.5298843,IB,train
283907,16.090422,-3.132516,IIB/C,train
287773,-24.382814,-4.3366303,0,train
287913,-1.6355785,-1.0790637,IA,train
288003,-22.647242,-3.219954,IA,train
289639,21.379297,-1.5236651,IB,train
289991,-15.163899,-3.4490848,0,train
292050,-9.688156,-2.4705462,0,train
293101,-4.220814,6.2448506,IA,train
294413,15.521399,7.152745,III,test
296392,-1.6192981,7.33203,IIA,train
298794-1,13.426047,3.4463613,IB,train
298794-2,-7.101315,-6.745156,IB,train
300486,-3.2782047,-2.901255,IA,train
302256,22.864775,2.57442,IIB/C,train
303141,20.236427,-3.1155012,IIA,train
303962,-4.733814,-3.3782978,IA,train
304728-1,1.5411423,0.8042607,0,train
305313,1.2462091,-1.2252545,0,test
311160,6.1037164,-1.0935979,0,train
311220,-5.9133697,-0.53587544,0,test
313884,10.432426,-1.49005,IA,train
314706-2,-25.746916,1.2950313,0,test
316730,-9.054491,1.5634245,IA,train
319086,3.471906,0.8086391,IB,train
319616,-12.162044,-5.669153,IA,test
320913,-0.36776772,2.5840185,IA,train
321657,3.6680996,5.9396353,IIA,train
321818,-13.972527,-6.5518184,IA,train
324636,12.312825,7.738938,IIA,test
330358,-1.9891316,3.5969899,IA,train
335301,-7.444841,-0.13295771,IA,train
335987-1,-17.407988,3.589314,IA,train
337890,-26.759476,-1.0153207,0,train
341033,12.712163,-3.0959337,IA,train
343178,13.528725,7.21293,IIA,test
344058-2,-16.999949,-7.2755837,0,train
344572,-2.0531952,0.4520768,0,test
347487,11.066879,3.753483,IB,train
349147,-16.460205,0.02508755,0,train
350659,-26.982271,0.4366985,IA,train
352752,26.601194,2.6799393,IIB/C,train
354521,-13.710172,1.7794964,0,train
354560,-8.701823,1.5758121,IB,train
355991,14.808304,4.592405,IB,train
361971,-27.489597,-0.56093735,III,train
367891,-2.897332,0.7463286,0,test
368694,-25.47332,-1.0084149,IA,test
371410,-16.161362,1.7085294,0,test
376488,-12.874449,-2.953892,0,train
377114,-25.825901,-0.01302401,0,train
377942,-2.463555,-5.312594,IA,test
383544,-27.547749,-2.374438,IA,train
388600,-8.397035,5.3024244,IA,test
389344,-21.440607,-3.4782407,IA,train
397503,-28.488623,-0.57093227,IA,train
398342-1,12.338026,-5.0837407,IB,train
399625,-15.938541,-5.3576136,IA,train
401945-1,1.068018,1.2254452,IA,train
402631,17.166481,-3.1021304,III,train
404049,-10.4812155,-5.0744605,0,train
405904,6.468521,4.265317,IA,test
408057,-22.571636,-1.236354,IA,train
408086,13.051522,6.5466757,IIA,train
411146-2,12.690761,2.9180155,IB,train
411147,-12.931394,3.566557,IA,train
415543,-28.17549,0.9354801,0,train
415813,6.142504,-3.461723,IA,train
421369,-13.163914,-1.1942705,0,train
433603,-5.643293,6.7607903,IB,train
436412-1,-12.829987,-2.405936,0,train
440627,13.576886,-4.1128125,IB,train
440783,-26.866032,-4.1437206,0,train
442469,-2.8655019,-0.9587713,0,train
445174,20.816322,-4.3839674,III,train
447044,12.033393,5.5698457,IA,train
452949,19.740223,3.8065007,IIA,train
454218,-24.82573,2.2908533,IA,test
456459,20.856329,4.7213254,IIB/C,train
466480,-14.882342,4.5063143,IA,test
468162-2,-12.781172,5.386227,IB,train
469327,3.3008862,-3.437515,0,train
471776,11.68499,2.8431482,IB,train
472815,10.40569,-3.6297636,IB,train
474532,-15.271703,-0.92789394,0,train
475184,-11.103543,-3.0527382,0,test
479037,6.5644526,4.1920652,IA,test
481121,13.800503,1.6409875,IA,train
482141-1,2.5786517,2.142754,IB,train
482141-2,-14.62845,-8.352358,IA,train
486138-2,-27.259941,-1.3612672,IA,train
487457,-2.8144608,5.5833974,IA,train
488135,-15.021265,-2.6210191,0,train
491345,9.461201,5.648,IIA,train
492120,9.509299,-6.31664,IIB/C,train
493750,-7.3618207,-5.1479244,IA,train
493867,6.3061304,0.89418703,IB,train
494581,-20.890543,-2.1174164,0,train
496735,-7.3474646,-6.570497,0,train
496751-1,13.986874,-1.4264402,IA,train
501441-1,15.005339,-0.18225159,IB,train
501443,-8.815815,-0.9322372,IA,train
502377,14.085654,2.681567,0,test
503492,-2.746172,-3.7136607,0,train
503807,-15.263288,-3.1855247,0,train
504265,3.292468,4.591544,IB,test
506755,-11.243178,-1.1227636,IA,train
511310,12.207014,-0.9326808,IIA,test
511591,4.8262663,3.7742732,IA,test
511860,-1.3944796,0.5827765,0,train
513005,15.1394415,-4.35147,IIA,test
513942,-22.252132,1.0124644,IA,test
514193,1.6958013,-0.3701416,0,train
515966,12.706554,0.6133463,IB,train
520390,-10.8684435,2.0843637,0,train
521092-2,1.8184237,0.92402357,0,train
521208,5.2065988,4.051154,IA,test
521912,22.390778,0.21971712,IB,train
522063,-0.5736365,-2.1667867,0,train
522500,12.250442,6.753325,IB,train
524981,-4.9728794,-2.7766254,0,train
525132-1,10.583171,1.2054455,0,train
525488,10.273067,1.9250044,IA,train
526038,23.27058,1.8554659,IB,test
527228,-20.401945,3.5359724,IA,test
530723,-18.36163,-1.2381741,0,test
531152,-21.852448,-1.0503656,0,test
538403,2.49039,3.6229193,0,test
540356,5.7860527,4.579107,0,test
541324,-18.909403,-4.237161,IA,train
542754-1,-22.834826,-0.36057663,0,train
545094,11.907627,-1.9814748,IB,train
545372,4.652255,-0.2748541,IA,test
546299,11.037876,-3.2065525,IB,train
547665,-10.00381,-1.7332206,0,train
549165,8.9674635,0.324368,IA,train
554185,-1.0371284,-3.2556195,0,train
554970,20.487806,0.02241195,III,train
555612,-29.593132,-0.51863015,IA,train
557961,15.351912,2.5528934,IA,train
558024,16.09594,6.451529,IIB/C,train
559196,-14.68245,-0.7115346,IA,train
564124,22.270714,2.1026068,III,train
564670,10.347076,9.454629,IB,test
566049,-19.944176,1.7086982,0,train
570200,-3.7535603,3.8240077,IA,train
573113-1,10.049921,1.19822,IA,test
574046,14.372937,2.7511592,IB,test
576167,17.607807,3.1081207,IB,test
577845,-20.719807,0.5262657,IA,test
580101-2,-9.603827,2.8477972,IB,train
583163,20.044062,1.5225278,III,train
583846,-12.685073,2.2076821,0,train
590700,22.559378,-3.5324244,IIB/C,train
592456-1,17.621311,-0.12618762,IB,train
593120,0.093549095,-4.574002,IA,train
596370,19.410587,3.8374565,IA,train
602845,-15.269835,-5.9753346,IA,train
603514,-28.284376,0.08127267,IA,train
608216,-23.53299,-4.5150723,0,train
610359,-20.124975,-6.76535,IA,train
613421,-27.498201,2.0823903,IA,test
615122,-10.295248,-2.288628,0,train
618720,16.667336,-4.724228,IIB/C,train
619807-2,-3.3275979,0.2601171,IB,train
622744,-13.509674,1.9996,0,train
622869,7.8631463,7.59495,IB,train
626414,-24.365166,-1.3618337,IA,train
639877,-10.559268,-1.361609,0,train
640440-1,20.518103,-0.7361239,IIB/C,train
640440-2,25.53842,2.2106538,IB,train
642345-1,26.211296,0.9785832,III,train
643765,1.338128,-2.6956708,III,train
657863,6.523183,-0.6181495,0,train
658659,-8.76972,-2.163692,0,train
661753,22.998064,1.4509346,IIA,train
663974,-23.10129,-6.4187245,0,train
665087-1,-27.522692,1.0517817,0,train
665087-2,-9.111208,-0.3823357,IA,train
666045,16.295893,-0.60199934,IA,train
666563,-2.1553662,5.1014113,IB,train
667823,-8.248152,-1.5989168,IA,train
668403-1,-23.827148,0.6785659,0,train
668403-2,-23.760008,1.7292911,IA,train
672910-1,3.9736295,1.5287038,IB,train
673151,8.431674,-2.5522535,IA,train
678133,2.4351034,0.030746678,IA,train
679218,-9.914545,1.0593944,0,train
686840,-13.639597,-0.010782927,IA,train
692561,-7.1576433,-2.690347,IA,train
693169,11.74958,-3.7675076,IA,train
697339,-16.438602,-2.1722093,0,train
699110,-23.809347,-5.0896144,IB,train
701462,13.0288,-1.3085455,IA,train
703576,-7.8009415,-2.3018026,IB,train
703697,-14.188754,3.2994707,IA,train
716389,-23.176771,0.3312633,0,train
724969,-12.169523,-1.5129272,IA,train
727330,16.483332,-0.08171426,IB,train
730538,9.727716,2.8466225,IA,train
733567,14.14585,4.7819386,IB,train
734109,20.704285,1.6131434,IIB/C,train
737207,21.757399,-0.8953684,IB,train
737569,18.858036,3.7638803,0,train
737721,-0.5569553,4.679364,IB,train
740941,0.1272798,7.221755,IIB/C,train
745192-1,25.617949,3.7545617,IIB/C,train
749176,-0.42621657,0.2194149,0,train
752609-1,18.98535,5.0313463,IIB/C,train
752609-2,-11.378019,0.56117845,IA,train
753457,22.446917,-1.8538972,IIA,train
759039,-17.715044,-0.46854424,IA,train
761124,9.347095,-0.9895629,IA,train
767296,-21.017359,1.3911259,IA,train
768250,3.0274718,6.760372,IB,train
770383,-15.747532,-2.3442159,0,train
771394,-11.200944,-0.56708604,IA,train
772561,-3.5432248,1.4296585,IA,train
773387,-1.1756959,-0.4891431,IA,train
773888,-13.689088,-2.4157865,0,train
774309-1,10.389049,-2.2316327,IA,train
776722,22.224136,-2.0864794,IIB/C,train
777041,9.489072,-2.4002855,0,train
781478-1,27.066862,1.6743366,IIB/C,train
781773,9.151993,-5.8190627,IA,train
783370,22.037954,0.4459473,IB,train
783798,8.571151,-3.5347035,IB,train
786363,8.537016,-0.92371964,IA,train
787884,13.200837,5.44978,III,train
789479,11.890339,0.6337428,IA,train
791762,-12.731772,0.39725348,0,train
792992,-24.139202,-0.29450485,0,train
795437,-13.368082,-2.6726809,0,train
796338,-13.459422,-0.81987697,0,train
797778,17.700283,-5.1782184,IIB/C,train
798792,9.23961,-0.104630455,IA,train
799417,6.94967,-0.70129234,IA,train
799469,13.183473,-2.0043807,IA,train
800199-1,-12.01694,1.5238495,IA,train
800199-2,0.05087507,5.064048,IB,train
800231,16.39742,1.444129,IB,train
806056,14.390419,0.2493532,IB,train
810151,7.8851624,-0.5007398,IA,train
810872,23.2672,2.524865,IIB/C,train
811923,-25.244884,-5.2230916,IA,train
812674,-21.600342,-0.6313006,IA,train
813888,-1.2664945,1.4276048,IA,train
816528,9.034937,5.299515,0,train
818283,-21.00504,-0.97508,0,train
818680,15.884641,3.688707,III,train
821756,-21.72023,-3.237572,0,train
822142,-14.081204,-3.6476398,0,train
827832,19.257393,-3.8707752,III,train
829166,-12.249831,-0.71815854,IB,train
829648-2,8.4431505,1.2501078,IA,train
832207,15.228513,3.129185,IB,train
849969-1,11.223429,6.345428,IB,train
853282-1,11.706747,1.6612974,IA,train
856413,11.842666,-4.745647,IB,train
858009,-2.372885,2.0691159,IA,train
859222,0.050094333,7.6457605,IIB/C,train
868711,19.14808,-4.159028,IIA,train
882294,-28.932335,1.2763405,0,train
890487-1,-4.857003,6.0755296,IA,train
890487-2,-1.5535836,0.814029,0,train
893202,12.716759,1.2846109,IA,train
903532,1.3050952,1.5222982,0,train
903854,20.79009,0.9206943,IB,train
915899-1,-14.513062,-7.1488256,0,train
922318,10.539528,-0.3704128,IB,train
926062,-25.992332,-0.80395955,0,train
929841,-2.6805947,-0.6668314,IA,train
934675-2,-20.237362,-4.31792,0,train
935832,-23.477285,-2.378186,0,train
945330,-6.778221,-1.665275,0,train
945487,5.245943,-2.5104938,0,train
945864,-18.122835,3.5818512,0,train
946088,6.712454,-1.4703695,IA,train
948636,-23.64352,-0.6966675,IB,train
952660,-3.6076086,-2.8078325,IA,train
952991,-4.9593015,-4.481637,IA,train
958283,23.589697,4.9661536,IIB/C,train
960456,-26.895086,0.51339227,0,train
961180,8.075047,5.2568655,IA,train
961518,9.680689,-0.73838127,IA,train
961804,-15.974941,3.886171,0,train
965294,-4.1936874,-4.1241946,0,train
973128,8.078975,-6.3418555,IB,train
979545,7.9461036,4.1906095,IB,train
980090,-24.783506,-0.93449885,IA,train
985442,13.81687,-1.9755499,IB,train
992692,-6.26732,-4.5710983,IA,train
994419,-19.324944,-3.3107119,0,train
996080,26.574898,1.212312,IIB/C,train
996518,-15.005621,-5.5386915,IA,train
999620,2.1826742,-2.0382428,IB,train
