GO_ID,ONTOLOGY,TERM,N,DE,P.DE,FDR,SigGenesInSet
GO:0006357,BP,regulation of transcription by RNA polymerase II,2338,54,7.39582690380847e-05,0.142275539192265,"IKZF1,PCGF3,RAI1,FOXN3,POU6F2,OSR1,PWWP2B,ESRRG,TFEC,SBNO2,MYT1L,FOXD2,OTP,ALX3,AUTS2,GATA3,LHX6,GFI1,AGO2,TOX3,MAMSTR,BRD7,ONECUT1,HOXA6,HOXA10,HOXD13,EVX2,LEP,LHX8,ZFHX3,NFIA,NFIX,NKX2-2,SIX6,PRKN,PAX6,SIX4,PITX2,PPARD,PPP3CA,MAML3,SINHCAF,ZNF704,SHOX2,SMARCA4,SPI1,TCF4,RFX8,ZIC1,MAML2,RUNX2,RUNX3,IL33,NFE2L3"
GO:0001501,BP,skeletal system development,326,16,9.83398814530386e-05,0.149228093240431,"COL5A1,COL9A2,COL11A1,OSR1,SULF1,MTHFD1L,GATA3,HOXD13,LEP,NFIA,PITX2,KIAA1217,PTGER4,SHOX2,RUNX2,RUNX3"
GO:0048731,BP,system development,3270,77,9.87284771686611e-05,0.149228093240431,"SMC4,BAIAP2,SEMA6C,RGS14,DUSP10,POU6F2,COL5A1,COL9A2,COL11A1,OSR1,UNC5D,CRYGD,CTNND2,DACT2,DLG2,ELN,PHACTR1,SDK1,NYAP1,MYT1L,SULF1,OTP,FPR2,PLXNB2,ALX3,MTHFD1L,CNTNAP2,AUTS2,GATA3,LHX6,GFI1,AGO2,HOXA10,HOXD13,KCNC2,LEP,MIR15B,MAL,MBP,LHX8,NFIA,NKX2-2,MIR375,OPCML,SIX6,PRKN,PAX6,HPCAL4,DCDC2,SIX4,PITX2,PPARD,RBFOX1,ESRP1,PPP3CA,KIAA1217,PTGER4,PTK7,PTPRG,SHOX2,SLC8A1,SLC8A3,SMARCA4,TCF4,TIAM1,TNFAIP2,TNXB,ZIC1,MALL,GREB1L,CRISPLD2,RUNX2,RUNX3,AKR1C3,PROM1,IL33,BOC,ELMO1,MAGI2"
GO:0072172,BP,mesonephric tubule formation,7,3,0.000107211027227559,0.150944647599818,"OSR1,GATA3,SIX4"
GO:0006366,BP,transcription by RNA polymerase II,2457,55,0.000114130445706587,0.150944647599818,"IKZF1,PCGF3,RAI1,FOXN3,POU6F2,OSR1,PWWP2B,ESRRG,TFEC,SBNO2,MYT1L,FOXD2,OTP,ALX3,AUTS2,GATA3,LHX6,GFI1,AGO2,TOX3,MAMSTR,BRD7,ONECUT1,HOXA6,HOXA10,HOXD13,EVX2,LEP,LHX8,ZFHX3,NFIA,NFIX,NKX2-2,SIX6,PRKN,PAX6,SIX4,PITX2,PPARD,PPP3CA,MAML3,SINHCAF,ZNF704,SHOX2,SMARCA4,SPI1,TCF4,RFX8,ZIC1,MAML2,RUNX2,RUNX3,IL33,NFE2L3,SART3"
GO:0032501,BP,multicellular organismal process,6306,114,0.000156777722610336,0.167181528327513,"SMC4,IKZF1,BAIAP2,SEMA6C,RGS14,DUSP10,POU6F2,C1QTNF4,COL5A1,COL9A2,COL11A1,OSR1,UNC5D,CRYGD,C2CD4A,CTNND2,FREM3,DACT2,PWWP2B,DLG2,NLRP7,ELN,ESRRG,PHACTR1,SDK1,NYAP1,SBNO2,MYT1L,SULF1,OTP,FPR2,LY96,PLXNB2,ALX3,MTHFD1L,CNTNAP2,AUTS2,GATA3,LHX6,GFI1,HAVCR1,AGO2,AHDC1,METRNL,BRD7,HOXA6,HOXA10,HOXD13,IL11RA,KCNC2,LEP,LIPC,MIR15B,MAL,MBP,LHX8,ZFHX3,NFIA,NKX2-2,MIR375,OPCML,SIX6,PRKN,PAX6,HPCAL4,DCDC2,SIX4,PITX2,TSPEAR,RBM47,PPARD,CNGB3,RBFOX1,ESRP1,PPL,MCUB,PPP3CA,PRKAR1B,CACNA2D3,PRKCE,KIAA1217,JPH1,PTGER4,PTK7,PTPRG,SINHCAF,SIGIRR,SELENOW,SHOX2,RASAL3,SLC8A1,SLC8A3,SMARCA4,SPI1,TCF4,TIAM1,TNNC2,TNFAIP2,TNXB,NALF1,ZIC1,MALL,RIOX1,GREB1L,OPA3,CRISPLD2,SGIP1,CASR,RUNX2,RUNX3,AKR1C3,PROM1,IL33,BOC,ABCG1,ELMO1,MAGI2"
GO:0007275,BP,multicellular organism development,3787,84,0.000158009100068534,0.167181528327513,"SMC4,BAIAP2,SEMA6C,RGS14,DUSP10,POU6F2,COL5A1,COL9A2,COL11A1,OSR1,UNC5D,CRYGD,CTNND2,DACT2,DLG2,NLRP7,ELN,PHACTR1,SDK1,NYAP1,MYT1L,SULF1,OTP,FPR2,PLXNB2,ALX3,MTHFD1L,CNTNAP2,AUTS2,GATA3,LHX6,GFI1,AGO2,AHDC1,BRD7,HOXA6,HOXA10,HOXD13,IL11RA,KCNC2,LEP,MIR15B,MAL,MBP,LHX8,NFIA,NKX2-2,MIR375,OPCML,SIX6,PRKN,PAX6,HPCAL4,DCDC2,SIX4,PITX2,PPARD,RBFOX1,ESRP1,PPP3CA,KIAA1217,PTGER4,PTK7,PTPRG,SHOX2,SLC8A1,SLC8A3,SMARCA4,SPI1,TCF4,TIAM1,TNFAIP2,TNXB,ZIC1,MALL,GREB1L,CRISPLD2,CASR,RUNX2,RUNX3,AKR1C3,PROM1,IL33,BOC,ELMO1,MAGI2"
GO:0007399,BP,nervous system development,2083,56,0.000279875182361853,0.257497336259094,"SMC4,BAIAP2,SEMA6C,RGS14,DUSP10,POU6F2,UNC5D,CTNND2,DLG2,PHACTR1,SDK1,NYAP1,MYT1L,SULF1,OTP,FPR2,PLXNB2,ALX3,MTHFD1L,CNTNAP2,AUTS2,GATA3,LHX6,GFI1,AGO2,KCNC2,MAL,MBP,LHX8,NKX2-2,OPCML,PRKN,PAX6,HPCAL4,DCDC2,SIX4,PITX2,PPARD,RBFOX1,ESRP1,PTK7,PTPRG,SHOX2,SLC8A3,SMARCA4,TCF4,TIAM1,TNXB,ZIC1,MALL,RUNX2,RUNX3,PROM1,IL33,BOC,ELMO1,MAGI2"
GO:0045944,BP,positive regulation of transcription by RNA polymerase II,1116,32,0.000445589232999804,0.377164550380354,"OSR1,PWWP2B,ESRRG,TFEC,SBNO2,MYT1L,FOXD2,AUTS2,GATA3,AGO2,TOX3,ONECUT1,HOXA10,HOXD13,ZFHX3,NFIA,NFIX,NKX2-2,PRKN,PAX6,SIX4,PITX2,PPARD,PPP3CA,MAML3,SMARCA4,SPI1,TCF4,ZIC1,MAML2,RUNX2,IL33"
GO:0072182,BP,regulation of nephron tubule epithelial cell differentiation,9,3,0.000631837113907986,0.495196487681737,"OSR1,GATA3,PROM1"
GO:0070105,BP,positive regulation of interleukin-6-mediated signaling pathway,3,2,0.000823989935375817,0.622730393660274,"C1QTNF4,GFI1"
GO:1901701,BP,cellular response to oxygen-containing compound,1100,29,0.00102249076978224,0.731954732912898,"BAIAP2,OSR1,MTCL2,CRYGD,NLRP7,ALDH2,SBNO2,FPR2,LY96,GFI1,KCNC2,LEP,MIR15B,MGST1,PRKN,PPARD,PPP3CA,PRKAR1B,CACNA2D3,PRKCE,PTGER4,PTK7,PTPRN2,SIGIRR,SLC2A2,SLC8A1,SLC8A3,SMARCA4,SPI1,CASR,AKR1C3"
GO:0016331,BP,morphogenesis of embryonic epithelium,61,6,0.0010376939647175,0.731954732912898,"OSR1,SULF1,PLXNB2,MTHFD1L,GATA3,SIX4"
GO:0072079,BP,nephron tubule formation,15,3,0.00111897908144316,0.756569490962218,"OSR1,GATA3,SIX4"
GO:2000696,BP,regulation of epithelial cell differentiation involved in kidney development,11,3,0.00116632940425818,0.756569490962218,"OSR1,GATA3,PROM1"
GO:0000785,CC,chromatin,1320,41,2.39030649412374e-06,0.0252906378610762,"IKZF1,PCGF3,FOXN3,POU6F2,OSR1,FAAP20,ESRRG,TFEC,MYT1L,FOXD2,OTP,ALX3,AUTS2,GATA3,LHX6,KANSL1,BRD7,ONECUT1,HOXA6,HOXA10,HOXD13,EVX2,LHX8,ZFHX3,NFIA,NFIX,NKX2-2,SIX6,PAX6,SIX4,PITX2,PPARD,SINHCAF,SHOX2,SMARCA4,SPI1,TCF4,RFX8,RUNX2,RUNX3,NFE2L3"
GO:0005694,CC,chromosome,1894,45,0.000145615822786124,0.167181528327513,"SMC4,IKZF1,PCGF3,FOXN3,POU6F2,OSR1,FAAP20,ESRRG,TFEC,MYT1L,FOXD2,OTP,ALX3,AUTS2,GATA3,LHX6,AHDC1,KANSL1,BRD7,ONECUT1,HOXA6,HOXA10,HOXD13,EVX2,LHX8,ZFHX3,NFIA,NFIX,NKX2-2,SIX6,PAX6,SIX4,PITX2,PPARD,PPP2CB,SINHCAF,SHOX2,SMARCA4,SPI1,TCF4,RFX8,XRCC3,RUNX2,RUNX3,IL33,NFE2L3"
GO:0005592,CC,collagen type XI trimer,4,2,0.00417021654722829,1,"COL5A1,COL11A1"
GO:0140152,CC,collagenous component of interstitial matrix,21,3,0.00867342758810773,1,"COL5A1,COL9A2,COL11A1"
GO:0043204,CC,perikaryon,149,7,0.0106694399309676,1,"CTNND2,DLG2,CNTNAP2,KCNC2,PRPH,SORCS2,SLC8A3"
GO:0005583,CC,fibrillar collagen trimer,11,2,0.0190899220653177,1,"COL5A1,COL11A1"
GO:0098643,CC,fibrillar collagen complex,11,2,0.0190899220653177,1,"COL5A1,COL11A1"
GO:0120003,CC,hinge region between urothelial plaques of apical plasma membrane,1,1,0.0214414628583192,1,MAL
GO:0043218,CC,compact myelin,15,2,0.0241553853056954,1,"MAL,MBP"
GO:0045098,CC,type III intermediate filament,3,1,0.0251812412834046,1,PRPH
GO:0005691,CC,U6atac snRNP,2,1,0.0264969147418943,1,SART3
GO:0098644,CC,complex of collagen trimers,33,3,0.0273335441527129,1,"COL5A1,COL9A2,COL11A1"
GO:0033065,CC,Rad51C-XRCC3 complex,2,1,0.0350270144654168,1,XRCC3
GO:0044224,CC,juxtaparanode region of axon,12,2,0.0353100470172255,1,"DLG2,CNTNAP2"
GO:0071001,CC,U4/U6 snRNP,3,1,0.0354134328237095,1,SART3
GO:0003700,MF,DNA-binding transcription factor activity,1345,39,2.00620900009914e-06,0.0252906378610762,"IKZF1,FOXN3,POU6F2,OSR1,MYRFL,ESRRG,TFEC,MYT1L,FOXD2,OTP,ALX3,GATA3,LHX6,GFI1,AHDC1,ONECUT1,HOXA6,HOXA10,HOXD13,EVX2,LHX8,ZFHX3,NFIA,NFIX,NKX2-2,SIX6,PAX6,SIX4,PITX2,PPARD,ZNF704,SHOX2,SPI1,TCF4,RFX8,ZIC1,RUNX2,RUNX3,NFE2L3"
GO:0000976,MF,transcription cis-regulatory region binding,1407,39,8.52618764353221e-06,0.0364621502683993,"IKZF1,FOXN3,POU6F2,OSR1,ESRRG,TFEC,MYT1L,FOXD2,OTP,ALX3,GATA3,LHX6,GFI1,AGO2,BRD7,ONECUT1,HOXA6,HOXA10,HOXD13,EVX2,LHX8,ZFHX3,NFIA,NFIX,NKX2-2,SIX6,PAX6,SIX4,PITX2,PPARD,ZNF704,SMARCA4,SPI1,TCF4,RFX8,ZIC1,RUNX2,RUNX3,NFE2L3"
GO:1990837,MF,sequence-specific double-stranded DNA binding,1466,40,8.61581282875689e-06,0.0364621502683993,"IKZF1,FOXN3,POU6F2,OSR1,ESRRG,TFEC,MYT1L,FOXD2,OTP,ALX3,GATA3,LHX6,GFI1,AGO2,BRD7,ONECUT1,HOXA6,HOXA10,HOXD13,EVX2,LHX8,ZFHX3,NFIA,NFIX,NKX2-2,SIX6,PAX6,SIX4,PITX2,PPARD,ZNF704,SHOX2,SMARCA4,SPI1,TCF4,RFX8,ZIC1,RUNX2,RUNX3,NFE2L3"
GO:0001067,MF,transcription regulatory region nucleic acid binding,1408,39,8.75349129672952e-06,0.0364621502683993,"IKZF1,FOXN3,POU6F2,OSR1,ESRRG,TFEC,MYT1L,FOXD2,OTP,ALX3,GATA3,LHX6,GFI1,AGO2,BRD7,ONECUT1,HOXA6,HOXA10,HOXD13,EVX2,LHX8,ZFHX3,NFIA,NFIX,NKX2-2,SIX6,PAX6,SIX4,PITX2,PPARD,ZNF704,SMARCA4,SPI1,TCF4,RFX8,ZIC1,RUNX2,RUNX3,NFE2L3"
GO:0140110,MF,transcription regulator activity,1844,48,1.03384954213126e-05,0.0364621502683993,"IKZF1,RAI1,FOXN3,POU6F2,OSR1,MYRFL,ESRRG,TFEC,MYT1L,FOXD2,OTP,ALX3,GATA3,LHX6,GFI1,AHDC1,TOX3,MAMSTR,BRD7,ONECUT1,HOXA6,HOXA10,HOXD13,EVX2,LHX8,ZFHX3,NFIA,NFIX,NKX2-2,SIX6,PRKN,PAX6,SIX4,PITX2,PPARD,MAML3,ZNF704,SHOX2,SMARCA4,SPI1,TCF4,RFX8,ZIC1,KCTD15,MAML2,RUNX2,RUNX3,NFE2L3"
GO:0003690,MF,double-stranded DNA binding,1561,41,1.40784504280591e-05,0.0415379122809259,"IKZF1,FOXN3,POU6F2,OSR1,ESRRG,TFEC,MYT1L,FOXD2,OTP,ALX3,GATA3,LHX6,GFI1,AGO2,AHDC1,BRD7,ONECUT1,HOXA6,HOXA10,HOXD13,EVX2,LHX8,ZFHX3,NFIA,NFIX,NKX2-2,SIX6,PAX6,SIX4,PITX2,PPARD,ZNF704,SHOX2,SMARCA4,SPI1,TCF4,RFX8,ZIC1,RUNX2,RUNX3,NFE2L3"
GO:0000981,MF,"DNA-binding transcription factor activity, RNA polymerase II-specific",1249,35,1.59571633358469e-05,0.0415379122809259,"FOXN3,POU6F2,OSR1,ESRRG,TFEC,MYT1L,FOXD2,OTP,ALX3,GATA3,LHX6,GFI1,ONECUT1,HOXA6,HOXA10,HOXD13,EVX2,LHX8,ZFHX3,NFIA,NFIX,NKX2-2,SIX6,PAX6,SIX4,PITX2,PPARD,SHOX2,SPI1,TCF4,RFX8,ZIC1,RUNX2,RUNX3,NFE2L3"
GO:0043565,MF,sequence-specific DNA binding,1569,41,1.76665190930643e-05,0.0415379122809259,"IKZF1,FOXN3,POU6F2,OSR1,MYRFL,ESRRG,TFEC,MYT1L,FOXD2,OTP,ALX3,GATA3,LHX6,GFI1,AGO2,BRD7,ONECUT1,HOXA6,HOXA10,HOXD13,EVX2,LHX8,ZFHX3,NFIA,NFIX,NKX2-2,SIX6,PAX6,SIX4,PITX2,PPARD,ZNF704,SHOX2,SMARCA4,SPI1,TCF4,RFX8,ZIC1,RUNX2,RUNX3,NFE2L3"
GO:0000977,MF,RNA polymerase II transcription regulatory region sequence-specific DNA binding,1261,35,2.52405142844687e-05,0.0534114522773641,"IKZF1,POU6F2,OSR1,ESRRG,TFEC,MYT1L,FOXD2,OTP,ALX3,GATA3,LHX6,GFI1,ONECUT1,HOXA6,HOXA10,HOXD13,EVX2,LHX8,ZFHX3,NFIA,NFIX,NKX2-2,SIX6,PAX6,SIX4,PITX2,PPARD,ZNF704,SPI1,TCF4,RFX8,ZIC1,RUNX2,RUNX3,NFE2L3"
GO:0000987,MF,cis-regulatory region sequence-specific DNA binding,1092,31,8.66630499605684e-05,0.149228093240431,"IKZF1,FOXN3,POU6F2,ESRRG,TFEC,MYT1L,FOXD2,GATA3,GFI1,ONECUT1,HOXA6,HOXA10,HOXD13,EVX2,ZFHX3,NFIA,NFIX,NKX2-2,SIX6,PAX6,SIX4,PITX2,PPARD,ZNF704,SPI1,TCF4,RFX8,ZIC1,RUNX2,RUNX3,NFE2L3"
GO:0000978,MF,RNA polymerase II cis-regulatory region sequence-specific DNA binding,1069,30,0.000122345360302936,0.152291186433555,"IKZF1,POU6F2,ESRRG,TFEC,MYT1L,FOXD2,GATA3,GFI1,ONECUT1,HOXA6,HOXA10,HOXD13,EVX2,ZFHX3,NFIA,NFIX,NKX2-2,SIX6,PAX6,SIX4,PITX2,PPARD,ZNF704,SPI1,TCF4,RFX8,ZIC1,RUNX2,RUNX3,NFE2L3"
GO:0004982,MF,N-formyl peptide receptor activity,4,2,0.000171887582120924,0.173205386917184,"FPR2,FPR3"
GO:0019911,MF,structural constituent of myelin sheath,9,3,0.000250102784144976,0.240564773422356,"MAL,MBP,MALL"
GO:0031490,MF,chromatin DNA binding,131,8,0.000436817913491467,0.377164550380354,"SBNO2,AHDC1,TOX3,PAX6,PITX2,SMARCA4,ZIC1,RUNX2"
GO:0003677,MF,DNA binding,2353,48,0.000598418627471992,0.487043714459032,"SMC4,IKZF1,FOXN3,POU6F2,OSR1,PARP4,MYRFL,ESRRG,TFEC,SBNO2,MYT1L,FOXD2,ZC3H3,OTP,ALX3,GATA3,LHX6,GFI1,AGO2,AHDC1,TOX3,BRD7,ONECUT1,HOXA6,HOXA10,HOXD13,EVX2,LEP,LHX8,ZFHX3,NFIA,NFIX,NKX2-2,SIX6,PAX6,SIX4,PITX2,PPARD,ZNF704,SHOX2,SMARCA4,SPI1,TCF4,RFX8,XRCC3,ZIC1,RUNX2,RUNX3,NFE2L3"
