coord_id,probe_id,seqnames,start,annotation,distanceToTSS,gene_entrez,gene_symbol,gene_name_full
chr1-103108540,cg24495344,chr1,103108540,"Intron (ENST00000645458.1/1301, intron 1 of 25)",332,1301,COL11A1,collagen type XI alpha 1 chain
chr1-103108966,cg03520644,chr1,103108966,Promoter,-94,1301,COL11A1,collagen type XI alpha 1 chain
chr1-110068842,cg06215569,chr1,110068842,"Intron (ENST00000473429.5/85369, intron 12 of 13)",1830,257,ALX3,ALX homeobox 3
chr1-116672903,cg23804454,chr1,116672903,Distal Intergenic,1154,100302117,MIR320B1,microRNA 320b-1
chr1-151131526,cg16399136,chr1,151131526,"Exon (ENST00000563624.1/ENST00000563624.1, exon 1 of 1)",15105,10500,SEMA6C,semaphorin 6C
chr1-151131709,cg04065086,chr1,151131709,3' UTR,14922,10500,SEMA6C,semaphorin 6C
chr1-169312477,cg08150816,chr1,169312477,"Intron (ENST00000432081.1/ENST00000432081.1, intron 1 of 1)",55471,29922,NME7,NME/NM23 family member 7
chr1-169460459,cg25464921,chr1,169460459,5' UTR,210,57821,CCDC181,coiled-coil domain containing 181
chr1-169698019,cg11574793,chr1,169698019,"Intron (ENST00000498289.5/55732, intron 3 of 28)",13683,6402,SELL,selectin L
chr1-169708779,cg01158456,chr1,169708779,"Exon (ENST00000650983.1/6402, exon 3 of 9)",2923,6402,SELL,selectin L
chr1-179930581,cg23471522,chr1,179930581,"Intron (ENST00000738195.1/101928933, intron 1 of 2)",11302,101928933,LOC101928933,uncharacterized LOC101928933
chr1-207959441,cg10210594,chr1,207959441,"Exon (ENST00000638446.1/105372883, exon 1 of 5)",9386,105372883,LINC02767,long intergenic non-protein coding RNA 2767
chr1-210328276,cg22332066,chr1,210328276,5' UTR,17092,124904502,LOC124904502,uncharacterized LOC124904502
chr1-210328289,cg03893872,chr1,210328289,5' UTR,17105,124904502,LOC124904502,uncharacterized LOC124904502
chr1-212105143,cg01081168,chr1,212105143,"Intron (ENST00000496442.1/51514, intron 1 of 1)",27530,100422947,MIR3122,microRNA 3122
chr1-217137671,cg07029873,chr1,217137671,Promoter,84,2104,ESRRG,estrogen related receptor gamma
chr1-220895793,cg26047066,chr1,220895793,Distal Intergenic,-15623,100873924,HLX-AS1,HLX antisense RNA 1
chr1-2214197,cg01179713,chr1,2214197,Promoter,-1477,199990,FAAP20,FA core complex associated protein 20
chr1-2214213,cg24148368,chr1,2214213,Promoter,-1493,199990,FAAP20,FA core complex associated protein 20
chr1-221713296,cg07946977,chr1,221713296,"Intron (ENST00000366899.4/11221, intron 2 of 3)",28793,11221,DUSP10,dual specificity phosphatase 10
chr1-224175746,cg10502231,chr1,224175746,Promoter,-10,8560,DEGS1,"delta 4-desaturase, sphingolipid 1"
chr1-231161356,cg15104644,chr1,231161356,Promoter,-702,440730,TRIM67,tripartite motif containing 67
chr1-234531770,cg02550311,chr1,234531770,"Exon (ENST00000688288.2/ENST00000688288.2, exon 1 of 1)",805,100506795,LINC01354,long intergenic non-protein coding RNA 1354
chr1-234531802,cg21546522,chr1,234531802,"Exon (ENST00000688288.2/ENST00000688288.2, exon 1 of 1)",773,100506795,LINC01354,long intergenic non-protein coding RNA 1354
chr1-24965048,cg04554131,chr1,24965048,Promoter,73,864,RUNX3,RUNX family transcription factor 3
chr1-24965054,cg27058497,chr1,24965054,Promoter,67,864,RUNX3,RUNX family transcription factor 3
chr1-27589806,cg02496392,chr1,27589806,"Intron (ENST00000247087.10/27245, intron 1 of 5)",14625,27245,AHDC1,AT-hook DNA binding motif containing 1
chr1-3003220,cg07099084,chr1,3003220,Distal Intergenic,-18247,140625,ACTRT2,actin related protein T2
chr1-3063598,cg04484550,chr1,3063598,"Exon (ENST00000321399.8/440556, exon 1 of 6)",4054,440556,PRDM16-DT,PRDM16 divergent transcript
chr1-34200291,cg19053103,chr1,34200291,"Intron (ENST00000373374.7/84970, intron 2 of 6)",33408,84970,C1orf94,chromosome 1 open reading frame 94
chr1-37996014,cg17077180,chr1,37996014,Distal Intergenic,-5939,10946,SF3A3,splicing factor 3a subunit 3
chr1-39683977,cg22851420,chr1,39683977,"Exon (ENST00000372844.8/51440, exon 3 of 4)",7508,51440,HPCAL4,hippocalcin like 4
chr1-40304035,cg07575466,chr1,40304035,"Intron (ENST00000372748.8/1298, intron 25 of 31)",13778,1298,COL9A2,collagen type IX alpha 2 chain
chr1-47434583,cg22438763,chr1,47434583,Promoter,58,84793,FOXD2-AS1,FOXD2 adjacent opposite strand RNA 1
chr1-47434592,cg08638320,chr1,47434592,Promoter,49,84793,FOXD2-AS1,FOXD2 adjacent opposite strand RNA 1
chr1-47434654,cg15868302,chr1,47434654,Promoter,-13,84793,FOXD2-AS1,FOXD2 adjacent opposite strand RNA 1
chr1-50415512,cg16391955,chr1,50415512,Distal Intergenic,-3669,105378714,LOC105378714,uncharacterized LOC105378714
chr1-51329564,cg21715339,chr1,51329564,Promoter,-52,102724097,TTC39A-AS1,TTC39A antisense RNA 1
chr1-61080541,cg14093103,chr1,61080541,"Intron (ENST00000371191.5/4774, intron 1 of 10)",-23656,105378764,LOC105378764,uncharacterized LOC105378764
chr1-63329964,cg00347677,chr1,63329964,"Intron (ENST00000717656.1/100996301, intron 5 of 6)",-2980,102464823,MIR6068,microRNA 6068
chr1-65264797,cg09235539,chr1,65264797,5' UTR,16578,9829,DNAJC6,DnaJ heat shock protein family (Hsp40) member C6
chr1-66564512,cg26931601,chr1,66564512,"Intron (ENST00000682707.1/84251, intron 2 of 22)",31245,84251,SGIP1,SH3GL interacting endocytic adaptor 1
chr1-67618787,cg17583741,chr1,67618787,"Intron (ENST00000769785.1/124904197, intron 1 of 2)",855,124904197,LOC124904197,uncharacterized LOC124904197
chr1-69569396,cg00165323,chr1,69569396,"Intron (ENST00000651989.2/57554, intron 1 of 26)",1474,57554,LRRC7,leucine rich repeat containing 7
chr1-75137160,cg12764034,chr1,75137160,"Exon (ENST00000294638.9/431707, exon 4 of 10)",-4584,131216852,LHX8-AS1,LHX8 antisense RNA 1
chr1-76154585,cg24580071,chr1,76154585,"Intron (ENST00000328299.4/256435, intron 1 of 4)",79839,256435,ST6GALNAC3,"ST6 N-acetylgalactosaminide alpha-2,6-sialyltransferase 3"
chr1-76154648,cg04073724,chr1,76154648,"Intron (ENST00000328299.4/256435, intron 1 of 4)",79902,256435,ST6GALNAC3,"ST6 N-acetylgalactosaminide alpha-2,6-sialyltransferase 3"
chr1-79006675,cg04360793,chr1,79006675,5' UTR,181798,107984998,LOC107984998,uncharacterized LOC107984998
chr1-8905739,cg24325712,chr1,8905739,"Intron (ENST00000847254.1/112268261, intron 2 of 2)",21146,112268261,LINC03153,long intergenic non-protein coding RNA 3153
chr1-90719864,cg24884703,chr1,90719864,"Intron (ENST00000660766.1/ENST00000660766.1, intron 1 of 2)",-2562,343472,BARHL2,BarH like homeobox 2
chr1-92481142,cg18146737,chr1,92481142,"Intron (ENST00000294702.6/2672, intron 3 of 6)",5783,2672,GFI1,growth factor independent 1 transcriptional repressor
chr1-92481477,cg18316974,chr1,92481477,"Intron (ENST00000294702.6/2672, intron 3 of 6)",5448,2672,GFI1,growth factor independent 1 transcriptional repressor
chr1-92482030,cg09935388,chr1,92482030,"Intron (ENST00000294702.6/2672, intron 3 of 6)",4895,2672,GFI1,growth factor independent 1 transcriptional repressor
chr10-101139527,cg05482942,chr10,101139527,"Exon (ENST00000747671.1/ENST00000747671.1, exon 1 of 2)",1911,100038246,TLX1NB,TLX1 neighbor
chr10-107025675,cg24796548,chr10,107025675,"Intron (ENST00000263054.11/114815, intron 1 of 25)",139031,114815,SORCS1,sortilin related VPS10 domain containing receptor 1
chr10-117735159,cg19912142,chr10,117735159,"Exon (ENST00000445647.2/102724627, exon 1 of 2)",649,102724627,LINC02674,long intergenic non-protein coding RNA 2674
chr10-119281683,cg12381367,chr10,119281683,"Intron (ENST00000392870.3/2869, intron 1 of 15)",54499,105378511,GRK5-AS1,GRK5 antisense RNA 1
chr10-128181110,cg02947862,chr10,128181110,Promoter,78,101927381,LINC01163,long intergenic non-protein coding RNA 1163
chr10-132408128,cg13506288,chr10,132408128,"Intron (ENST00000631148.2/170394, intron 2 of 2)",10960,170394,PWWP2B,PWWP domain containing 2B
chr10-22334618,cg13327545,chr10,22334618,Distal Intergenic,-10827,9576,SPAG6,sperm associated antigen 6
chr10-23686778,cg11582297,chr10,23686778,Distal Intergenic,-7968,56243,KIAA1217,KIAA1217
chr10-23797622,cg10778104,chr10,23797622,"Intron (ENST00000376462.5/56243, intron 1 of 18)",102876,56243,KIAA1217,KIAA1217
chr10-2792218,cg18354041,chr10,2792218,Distal Intergenic,194250,105376352,LOC105376352,uncharacterized LOC105376352
chr10-47257761,cg10084487,chr10,47257761,Distal Intergenic,-42436,2662,GDF10,growth differentiation factor 10
chr10-5094589,cg12530994,chr10,5094589,Promoter,-1046,124900291,LOC124900291,U8 small nucleolar RNA
chr10-52755540,cg04607003,chr10,52755540,Promoter,30,105378305,LOC105378305,uncharacterized LOC105378305
chr10-61662881,cg00755980,chr10,61662881,Promoter,-48,219621,CABCOCO1,ciliary associated calcium binding coiled-coil 1
chr10-75547445,cg17458910,chr10,75547445,"Intron (ENST00000611255.5/83938, intron 2 of 6)",-5013,693191,MIR606,microRNA 606
chr10-8058797,cg11679455,chr10,8058797,"Exon (ENST00000379328.9/2625, exon 3 of 6)",-1754,399717,GATA3-AS1,GATA3 antisense RNA 1
chr10-91052088,cg04061072,chr10,91052088,"Intron (ENST00000846440.1/100874184, intron 4 of 4)",18970,100874184,LINC00502,long intergenic non-protein coding RNA 502
chr10-99521945,cg26075184,chr10,99521945,Distal Intergenic,10836,101927324,LINC01475,long intergenic non-protein coding RNA 1475
chr10-99522427,cg19960420,chr10,99522427,Distal Intergenic,10354,101927324,LINC01475,long intergenic non-protein coding RNA 1475
chr10-99522968,cg01987516,chr10,99522968,Distal Intergenic,9813,101927324,LINC01475,long intergenic non-protein coding RNA 1475
chr10-99537884,cg23615741,chr10,99537884,Distal Intergenic,4942,159296,NKX2-3,NK2 homeobox 3
chr11-133175412,cg10403212,chr11,133175412,"Intron (ENST00000524381.6/4978, intron 1 of 7)",190668,100874333,OPCML-IT1,OPCML intronic transcript 1
chr11-18956621,cg27410165,chr11,18956621,"Exon (ENST00000531736.1/ENST00000531736.1, exon 1 of 1)",-17207,259249,MRGPRX1,MAS related GPR family member X1
chr11-3123543,cg14722290,chr11,3123543,"Intron (ENST00000263650.12/114879, intron 3 of 21)",43196,114879,OSBPL5,oxysterol binding protein like 5
chr11-31817972,cg15778437,chr11,31817972,Promoter,-11,5080,PAX6,paired box 6
chr11-31818079,cg01867395,chr11,31818079,Promoter,-118,5080,PAX6,paired box 6
chr11-31818083,cg13570972,chr11,31818083,Promoter,-122,5080,PAX6,paired box 6
chr11-31818241,cg09656389,chr11,31818241,Promoter,-280,5080,PAX6,paired box 6
chr11-35067273,cg09081069,chr11,35067273,"Intron (ENST00000747996.1/105376627, intron 1 of 2)",15399,105376626,LOC105376626,uncharacterized LOC105376626
chr11-35525676,cg19489174,chr11,35525676,5' UTR,4624,25891,PAMR1,peptidase domain containing associated with muscle regeneration 1
chr11-405969,cg17376853,chr11,405969,3' UTR,11486,59307,SIGIRR,single Ig and TIR domain containing
chr11-47355202,cg01539849,chr11,47355202,3' UTR,-2500,4607,MYBPC3,myosin binding protein C3
chr11-47590227,cg18356785,chr11,47590227,"Exon (ENST00000302514.4/114900, exon 2 of 2)",-24658,10658,CELF1,CUGBP Elav-like family member 1
chr11-62547561,cg20518446,chr11,62547561,"Exon (ENST00000538101.1/ENST00000538101.1, exon 2 of 2)",8674,79026,AHNAK,AHNAK nucleoprotein
chr11-65607361,cg01180479,chr11,65607361,"Exon (ENST00000530153.6/4296, exon 5 of 10)",8021,4296,MAP3K11,mitogen-activated protein kinase kinase kinase 11
chr11-66317159,cg07145284,chr11,66317159,Promoter,-115,57124,CD248,CD248 molecule
chr11-84318753,cg20708254,chr11,84318753,"Intron (ENST00000398309.6/1740, intron 2 of 22)",-402031,124902727,LOC124902727,uncharacterized LOC124902727
chr11-96163121,cg03103075,chr11,96163121,"Intron (ENST00000524717.6/84441, intron 1 of 4)",-178317,100422991,MIR1260B,microRNA 1260b
chr12-108524314,cg15877469,chr12,108524314,"Exon (ENST00000547397.1/9733, exon 3 of 3)",9037,11153,FICD,FIC domain protein adenylyltransferase
chr12-111636239,cg11578064,chr12,111636239,"Intron (ENST00000726948.1/124903020, intron 1 of 2)",-36563,6311,ATXN2,ataxin 2
chr12-111636281,cg12405048,chr12,111636281,"Intron (ENST00000726948.1/124903020, intron 1 of 2)",-36605,6311,ATXN2,ataxin 2
chr12-111636353,cg25718342,chr12,111636353,"Intron (ENST00000726948.1/124903020, intron 1 of 2)",-36677,6311,ATXN2,ataxin 2
chr12-111766799,cg22326588,chr12,111766799,"Intron (ENST00000546840.3/217, intron 2 of 7)",12909,217,ALDH2,aldehyde dehydrogenase 2 family member
chr12-1608970,cg09953526,chr12,1608970,"Intron (ENST00000539198.5/81029, intron 1 of 3)",-14389,144699,FBXL14,F-box and leucine rich repeat protein 14
chr12-16350617,cg15747993,chr12,16350617,"Intron (ENST00000536371.5/4257, intron 1 of 3)",3475,4257,MGST1,microsomal glutathione S-transferase 1
chr12-31326918,cg07290269,chr12,31326918,"Intron (ENST00000539004.5/58516, intron 1 of 4)",-39370,124903091,LOC124903091,U6 spliceosomal RNA
chr12-31370114,cg16980270,chr12,31370114,Promoter,-297,101929027,LINC02387,long intergenic non-protein coding RNA 2387
chr12-49295679,cg14029489,chr12,49295679,"Exon (ENST00000257860.9/5630, exon 1 of 9)",532,5630,PRPH,peripherin
chr12-53677479,cg23931487,chr12,53677479,Promoter,-71,517,ATP5MC2,ATP synthase membrane subunit c locus 2
chr12-69906629,cg19748086,chr12,69906629,"Intron (ENST00000552032.7/196446, intron 11 of 24)",104960,196446,MYRFL,myelin regulatory factor like
chr12-75207376,cg06563089,chr12,75207376,"Exon (ENST00000548513.5/3747, exon 1 of 5)",2463,3747,KCNC2,potassium voltage-gated channel subfamily C member 2
chr13-107585616,cg12463883,chr13,107585616,"Intron (ENST00000375915.4/728215, intron 1 of 2)",-54368,100302286,MIR1267,microRNA 1267
chr13-111973213,cg07911664,chr13,111973213,"Exon (ENST00000833640.1/ENST00000833640.1, exon 1 of 1)",42070,105378193,LOC105378193,uncharacterized LOC105378193
chr13-24511162,cg18582260,chr13,24511162,"Intron (ENST00000445572.5/374491, intron 3 of 9)",1616,143,PARP4,poly(ADP-ribose) polymerase family member 4
chr13-95552723,cg25032595,chr13,95552723,5' UTR,-18813,100874194,CLDN10-AS1,CLDN10 antisense RNA 1
chr13-99257005,cg06164122,chr13,99257005,"Intron (ENST00000355700.9/337867, intron 2 of 4)",4739,124903198,LOC124903198,uncharacterized LOC124903198
chr14-101561396,cg15341124,chr14,101561396,Promoter,-99,1735,DIO3,iodothyronine deiodinase 3
chr14-103127165,cg18587137,chr14,103127165,"Exon (ENST00000333007.8/7127, exon 4 of 13)",-4071,105370683,LINC00677,long intergenic non-protein coding RNA 677
chr14-103712797,cg25999604,chr14,103712797,3' UTR,2707,7517,XRCC3,X-ray repair cross complementing 3
chr14-103724412,cg03509898,chr14,103724412,"Intron (ENST00000216602.10/79038, intron 1 of 7)",8682,79038,ZFYVE21,zinc finger FYVE-type containing 21
chr14-104591896,cg00905584,chr14,104591896,3' UTR,73662,101929634,LINC02280,long intergenic non-protein coding RNA 2280
chr14-106813029,cg07929646,chr14,106813029,Distal Intergenic,37970,100847062,MIR5195,microRNA 5195
chr14-23366660,cg18454133,chr14,23366660,Promoter,-908,10278,EFS,embryonal Fyn-associated substrate
chr14-23366837,cg09616633,chr14,23366837,Promoter,-1085,10278,EFS,embryonal Fyn-associated substrate
chr14-24398054,cg18545915,chr14,24398054,Promoter,-949,57523,NYNRIN,NYN domain and retroviral integrase containing
chr14-36523027,cg04224064,chr14,36523027,"Intron (ENST00000634305.1/ENST00000634305.1, intron 3 of 3)",-1878,7080,NKX2-1,NK2 homeobox 1
chr14-52692499,cg13409544,chr14,52692499,"Intron (ENST00000395686.8/30001, intron 1 of 15)",3401,30001,ERO1A,endoplasmic reticulum oxidoreductase 1 alpha
chr14-60507104,cg13539545,chr14,60507104,"Intron (ENST00000556799.1/317761, intron 1 of 5)",-2042,4990,SIX6,SIX homeobox 6
chr14-60511137,cg13019491,chr14,60511137,"Exon (ENST00000327720.6/4990, exon 2 of 2)",1991,4990,SIX6,SIX homeobox 6
chr14-60511442,cg14507337,chr14,60511442,3' UTR,2296,4990,SIX6,SIX homeobox 6
chr14-60641508,cg03032497,chr14,60641508,"Intron (ENST00000555871.2/ENST00000555871.2, intron 1 of 1)",16751,6495,SIX1,SIX homeobox 1
chr14-60642488,cg23322933,chr14,60642488,"Exon (ENST00000555871.2/ENST00000555871.2, exon 2 of 2)",15771,6495,SIX1,SIX homeobox 1
chr14-60642826,cg02320543,chr14,60642826,Distal Intergenic,15433,6495,SIX1,SIX homeobox 1
chr14-60643283,cg18103859,chr14,60643283,Distal Intergenic,14976,6495,SIX1,SIX homeobox 1
chr14-60652032,cg15425541,chr14,60652032,"Exon (ENST00000555955.3/6495, exon 1 of 2)",6227,6495,SIX1,SIX homeobox 1
chr14-60652499,cg00779065,chr14,60652499,"Exon (ENST00000555955.3/6495, exon 1 of 2)",5760,6495,SIX1,SIX homeobox 1
chr14-60653943,cg13007843,chr14,60653943,"Intron (ENST00000554986.2/6495, intron 1 of 1)",4316,6495,SIX1,SIX homeobox 1
chr14-60721834,cg25404951,chr14,60721834,"Intron (ENST00000216513.5/51804, intron 1 of 2)",2517,51804,SIX4,SIX homeobox 4
chr14-70171831,cg12081252,chr14,70171831,"Intron (ENST00000356921.7/6547, intron 1 of 6)",-15291,646548,LOC646548,ADAM metallopeptidase domain 20 pseudogene
chr14-73489937,cg03694633,chr14,73489937,Promoter,-996,79697,RIOX1,ribosomal oxygenase 1
chr14-75298745,cg05030067,chr14,75298745,"Intron (ENST00000790296.1/ENST00000790296.1, intron 1 of 1)",4464,731223,LINC01220,long intergenic non-protein coding RNA 1220
chr14-89185203,cg11508674,chr14,89185203,"Intron (ENST00000345097.8/1112, intron 5 of 6)",-4459,124903357,LOC124903357,uncharacterized LOC124903357
chr14-90184739,cg20023155,chr14,90184739,"Exon (ENST00000282146.5/56659, exon 2 of 2)",-71788,5700,PSMC1,"proteasome 26S subunit, ATPase 1"
chr14-90546017,cg27172557,chr14,90546017,"Intron (ENST00000328459.11/145567, intron 19 of 19)",-28801,105370619,LOC105370619,uncharacterized LOC105370619
chr15-36888434,cg17855264,chr15,36888434,Promoter,-429,145845,LOC145845,uncharacterized LOC145845
chr15-52783223,cg22711676,chr15,52783223,"Intron (ENST00000305901.7/3175, intron 1 of 1)",-5816,105370824,LOC105370824,uncharacterized LOC105370824
chr15-58490488,cg00870269,chr15,58490488,"Intron (ENST00000356113.10/3990, intron 3 of 10)",8247,101928694,LIPC-AS1,LIPC antisense RNA 1
chr15-62066903,cg18866529,chr15,62066903,Promoter,-74,145741,C2CD4A,C2 calcium dependent domain containing 4A
chr15-94607314,cg24323855,chr15,94607314,"Intron (ENST00000784860.1/ENST00000784860.1, intron 2 of 2)",-18051,105370985,LINC02852,long intergenic non-protein coding RNA 2852
chr15-94610528,cg00660643,chr15,94610528,Distal Intergenic,-21265,105370985,LINC02852,long intergenic non-protein coding RNA 2852
chr15-95929488,cg03850508,chr15,95929488,Distal Intergenic,-18808,124903582,LOC124903582,uncharacterized LOC124903582
chr15-96047774,cg10107043,chr15,96047774,"Intron (ENST00000619812.1/112268156, intron 1 of 3)",18440,105370998,LOC105370998,uncharacterized LOC105370998
chr16-10818687,cg26952618,chr16,10818687,Promoter,107,780776,TVP23A,trans-golgi network vesicle protein 23 homolog A
chr16-1532217,cg07857040,chr16,1532217,"Exon (ENST00000623365.1/ENST00000623365.1, exon 1 of 1)",3529,79652,TMEM204,transmembrane protein 204
chr16-28093267,cg17685863,chr16,28093267,Distal Intergenic,-4164,124903669,LOC124903669,uncharacterized LOC124903669
chr16-31535676,cg06185324,chr16,31535676,Distal Intergenic,7776,51327,AHSP,alpha hemoglobin stabilizing protein
chr16-4937909,cg20599852,chr16,4937909,"Intron (ENST00000592772.1/5493, intron 1 of 9)",-20421,9717,SEC14L5,SEC14 like lipid binding 5
chr16-4937922,cg00295771,chr16,4937922,"Intron (ENST00000592772.1/5493, intron 1 of 9)",-20408,9717,SEC14L5,SEC14 like lipid binding 5
chr16-4937925,cg17733992,chr16,4937925,"Intron (ENST00000592772.1/5493, intron 1 of 9)",-20405,9717,SEC14L5,SEC14 like lipid binding 5
chr16-50327240,cg16965449,chr16,50327240,"Intron (ENST00000394688.8/29117, intron 9 of 16)",34624,102465462,MIR6771,microRNA 6771
chr16-52547696,cg11410436,chr16,52547696,Promoter,106,27324,TOX3,TOX high mobility group box family member 3
chr16-72990097,cg17555914,chr16,72990097,"Intron (ENST00000268489.10/463, intron 1 of 9)",-102252,283902,HCCAT5,hepatocellular carcinoma associated transcript 5
chr16-7361205,cg16052372,chr16,7361205,"Intron (ENST00000641259.1/54715, intron 7 of 19)",-56150,124903640,LOC124903640,uncharacterized LOC124903640
chr16-79864032,cg04307216,chr16,79864032,Distal Intergenic,-36847,104266962,LINC01228,long intergenic non-protein coding RNA 1228
chr16-84894124,cg25759160,chr16,84894124,"Intron (ENST00000262424.10/83716, intron 14 of 14)",-34229,105371379,LINC02176,long intergenic non-protein coding RNA 2176
chr16-9013341,cg00970396,chr16,9013341,"Exon (ENST00000738044.1/ENST00000738044.1, exon 1 of 2)",-38013,7874,USP7,ubiquitin specific peptidase 7
chr17-17120877,cg17967134,chr17,17120877,"Intron (ENST00000651222.2/23164, intron 3 of 23)",78420,23164,MPRIP,myosin phosphatase Rho interacting protein
chr17-17810049,cg10868156,chr17,17810049,3' UTR,3496,102465466,MIR6777,microRNA 6777
chr17-46157868,cg04523597,chr17,46157868,"Intron (ENST00000432791.7/284058, intron 2 of 14)",-81474,124904014,LOC124904014,uncharacterized LOC124904014
chr17-65074927,cg11113436,chr17,65074927,"Intron (ENST00000759247.1/105371864, intron 1 of 1)",-18187,10672,GNA13,G protein subunit alpha 13
chr17-75048895,cg06051411,chr17,75048895,"Exon (ENST00000577516.5/23510, exon 1 of 6)",-1910,10476,ATP5PD,ATP synthase peripheral stalk subunit d
chr17-77377374,cg23994112,chr17,77377374,"Intron (ENST00000589070.1/10801, intron 1 of 1)",11231,124904062,LOC124904062,uncharacterized LOC124904062
chr17-81064911,cg10063663,chr17,81064911,"Intron (ENST00000321280.11/10458, intron 3 of 13)",29789,10458,BAIAP2,BAR/IMD domain containing adaptor protein 2
chr17-81419662,cg13710969,chr17,81419662,"Intron (ENST00000675386.2/57597, intron 2 of 27)",57390,124904083,LOC124904083,uncharacterized LOC124904083
chr17-81419881,cg02447879,chr17,81419881,"Exon (ENST00000728140.1/ENST00000728140.1, exon 1 of 2)",57609,124904083,LOC124904083,uncharacterized LOC124904083
chr17-81518502,cg14316944,chr17,81518502,"Intron (ENST00000430912.1/25794, intron 1 of 1)",4455,25794,FSCN2,"fascin actin-bundling protein 2, retinal"
chr17-83091690,cg03260530,chr17,83091690,"Intron (ENST00000320095.12/284207, intron 2 of 3)",32344,124904094,LOC124904094,uncharacterized LOC124904094
chr18-21242965,cg12473406,chr18,21242965,Promoter,-169,101927496,GREB1L-DT,GREB1L divergent transcript
chr18-32773161,cg20162206,chr18,32773161,Promoter,-138,57565,KLHL14,kelch like family member 14
chr18-3995556,cg14450972,chr18,3995556,"Exon (ENST00000767601.1/101410534, exon 2 of 2)",64642,101410534,DLGAP1-AS4,DLGAP1 antisense RNA 4
chr18-55586677,cg14954437,chr18,55586677,"Intron (ENST00000354452.8/6925, intron 2 of 19)",-3203,105372126,LOC105372126,uncharacterized LOC105372126
chr18-56197640,cg11289340,chr18,56197640,Distal Intergenic,-6378,642484,LINC03069,long intergenic non-protein coding RNA 3069
chr18-68722182,cg19283806,chr18,68722182,"Intron (ENST00000578970.5/79839, intron 2 of 3)",6973,79839,CCDC102B,coiled-coil domain containing 102B
chr18-77087615,cg17266581,chr18,77087615,"Exon (ENST00000495162.5/4155, exon 1 of 3)",46068,4155,MBP,myelin basic protein
chr18-78874036,cg16015805,chr18,78874036,Distal Intergenic,53405,105372224,LOC105372224,uncharacterized LOC105372224
chr19-10977165,cg05735955,chr19,10977165,"Intron (ENST00000643549.1/6597, intron 1 of 34)",16233,6597,SMARCA4,SWI/SNF related BAF chromatin remodeling complex subunit ATPase 4
chr19-1152358,cg21049737,chr19,1152358,"Intron (ENST00000361757.8/22904, intron 2 of 31)",-11062,102723798,LOC102723798,uncharacterized LOC102723798
chr19-13001547,cg00984412,chr19,13001547,"Intron (ENST00000592199.6/4784, intron 1 of 10)",6072,4784,NFIX,nuclear factor I X
chr19-13002667,cg04646674,chr19,13002667,"Intron (ENST00000592199.6/4784, intron 1 of 10)",7192,4784,NFIX,nuclear factor I X
chr19-13024847,cg24277817,chr19,13024847,"Intron (ENST00000592199.6/4784, intron 1 of 10)",-10213,107985286,NFIX-AS1,NFIX antisense RNA 1
chr19-15457762,cg24002183,chr19,15457762,"Exon (ENST00000602101.6/64926, exon 8 of 16)",6782,64926,RASAL3,RAS protein activator like 3
chr19-2291613,cg21869609,chr19,2291613,"Exon (ENST00000698372.1/645191, exon 2 of 2)",-9438,374872,PEAK3,PEAK family member 3
chr19-2602615,cg24874003,chr19,2602615,"Intron (ENST00000382159.8/2788, intron 2 of 4)",-28100,102465838,MIR7850,microRNA 7850
chr19-29407640,cg25179256,chr19,29407640,"Intron (ENST00000804084.1/284395, intron 2 of 4)",-118354,342865,VSTM2B,V-set and transmembrane domain containing 2B
chr19-33798966,cg04566826,chr19,33798966,"Intron (ENST00000587658.5/79047, intron 2 of 4)",3033,79047,KCTD15,potassium channel tetramerization domain containing 15
chr19-45529172,cg22144875,chr19,45529172,"Exon (ENST00000323060.4/80207, exon 2 of 2)",-22307,107985314,LOC107985314,uncharacterized LOC107985314
chr19-47782064,cg07953015,chr19,47782064,"Intron (ENST00000593892.5/6415, intron 5 of 5)",3387,6415,SELENOW,selenoprotein W
chr19-48716884,cg18046677,chr19,48716884,5' UTR,2841,284358,MAMSTR,MEF2 activating motif and SAP domain containing transcriptional regulator
chr19-51764454,cg26944755,chr19,51764454,"Exon (ENST00000814896.1/ENST00000814896.1, exon 1 of 1)",12428,2358,FPR2,formyl peptide receptor 2
chr19-51824856,cg15800907,chr19,51824856,3' UTR,-20741,2357,FPR1,formyl peptide receptor 1
chr19-54938077,cg11357008,chr19,54938077,"Exon (ENST00000340844.6/199713, exon 5 of 10)",-68075,107985325,GP6-AS1,GP6 antisense RNA 1
chr19-6477021,cg08379738,chr19,6477021,"Exon (ENST00000588988.5/79958, exon 4 of 5)",5536,79958,DENND1C,DENN domain containing 1C
chr2-101475193,cg27255239,chr2,101475193,Promoter,-81,731220,RFX8,regulatory factor X8
chr2-110115453,cg24919768,chr2,110115453,"Intron (ENST00000272462.3/7851, intron 1 of 3)",569,7851,MALL,"mal, T cell differentiation protein like"
chr2-118850026,cg18093372,chr2,118850026,Distal Intergenic,-2378,2019,EN1,engrailed homeobox 1
chr2-120654428,cg13283952,chr2,120654428,Distal Intergenic,-68462,124906073,LOC124906073,uncharacterized LOC124906073
chr2-132804213,cg14416623,chr2,132804213,"Intron (ENST00000651100.1/ENST00000651100.1, intron 2 of 3)",-111344,101928185,NCKAP5-AS1,NCKAP5 antisense RNA 1
chr2-143706222,cg20770201,chr2,143706222,"Intron (ENST00000295095.11/55843, intron 13 of 13)",101597,105373654,ARHGAP15-AS1,ARHGAP15 antisense RNA 1
chr2-165793399,cg00999988,chr2,165793399,Promoter,-822,124906086,LOC124906086,uncharacterized LOC124906086
chr2-165794419,cg24217704,chr2,165794419,Promoter,198,124906086,LOC124906086,uncharacterized LOC124906086
chr2-172090783,cg27406975,chr2,172090783,"Intron (ENST00000715284.1/ENST00000715284.1, intron 1 of 1)",12117,1746,DLX2,distal-less homeobox 2
chr2-174326002,cg01895649,chr2,174326002,Promoter,-25,285084,LINC01305,long intergenic non-protein coding RNA 1305
chr2-174597811,cg11526752,chr2,174597811,5' UTR,50814,124906096,LOC124906096,uncharacterized LOC124906096
chr2-176067729,cg04528477,chr2,176067729,Distal Intergenic,16233,344191,EVX2,even-skipped homeobox 2
chr2-176071668,cg01429449,chr2,176071668,Distal Intergenic,12294,344191,EVX2,even-skipped homeobox 2
chr2-176071852,cg00459623,chr2,176071852,Distal Intergenic,12110,344191,EVX2,even-skipped homeobox 2
chr2-176073242,cg07694390,chr2,176073242,Distal Intergenic,10720,344191,EVX2,even-skipped homeobox 2
chr2-176075572,cg08949655,chr2,176075572,Distal Intergenic,8390,344191,EVX2,even-skipped homeobox 2
chr2-176085278,cg26149275,chr2,176085278,Promoter,-1316,344191,EVX2,even-skipped homeobox 2
chr2-176091844,cg07802350,chr2,176091844,Promoter,-877,3239,HOXD13,homeobox D13
chr2-176104883,cg23348270,chr2,176104883,"Intron (ENST00000498438.1/3237, intron 1 of 1)",667,3237,HOXD11,homeobox D11
chr2-179562597,cg15328131,chr2,179562597,"Exon (ENST00000469551.5/151126, exon 1 of 5)",-297765,91404,SESTD1,SEC14 and spectrin domain containing 1
chr2-19359046,cg01128642,chr2,19359046,Promoter,-423,130497,OSR1,odd-skipped related transcription factor 1
chr2-1979711,cg17918270,chr2,1979711,"Exon (ENST00000648148.1/23040, exon 4 of 4)",136746,107985838,LOC107985838,uncharacterized LOC107985838
chr2-199470834,cg10168149,chr2,199470834,"Exon (ENST00000450728.1/150538, exon 2 of 2)",432,23314,SATB2,SATB homeobox 2
chr2-208124523,cg22399133,chr2,208124523,5' UTR,5414,100507443,LOC100507443,uncharacterized LOC100507443
chr2-2115760,cg26383138,chr2,2115760,"Intron (ENST00000647755.1/23040, intron 3 of 24)",-203472,730811,MYT1L-AS1,MYT1L antisense RNA 1
chr2-219001714,cg00215432,chr2,219001714,Promoter,-6,494324,MIR375,microRNA 375
chr2-22382815,cg03437887,chr2,22382815,"Intron (ENST00000419013.1/ENST00000419013.1, intron 1 of 3)",-125287,102723362,LINC01884,long intergenic non-protein coding RNA 1884
chr2-40179143,cg08170824,chr2,40179143,"Intron (ENST00000599740.1/100128590, intron 1 of 1)",-332778,101929667,LOC101929667,uncharacterized LOC101929667
chr2-44953127,cg24673771,chr2,44953127,"Intron (ENST00000760330.1/ENST00000760330.1, intron 1 of 1)",-7342,100506108,SIX3-AS1,SIX3 antisense RNA 1
chr2-45178076,cg01083804,chr2,45178076,"Intron (ENST00000716439.1/ENST00000716439.1, intron 3 of 4)",8488,105374576,LOC105374576,uncharacterized LOC105374576
chr2-45823855,cg10903225,chr2,45823855,"Intron (ENST00000421201.1/5581, intron 2 of 2)",-138947,124907761,LOC124907761,uncharacterized LOC124907761
chr2-5755022,cg02865769,chr2,5755022,"Intron (ENST00000829845.1/112268411, intron 2 of 2)",28993,112268411,LOC112268411,uncharacterized LOC112268411
chr2-64858108,cg10017626,chr2,64858108,"Intron (ENST00000772000.1/105374777, intron 1 of 3)",5548,105374777,LOC105374777,uncharacterized LOC105374777
chr2-67040060,cg04904480,chr2,67040060,"Intron (ENST00000758901.1/ENST00000758901.1, intron 1 of 3)",-1609,105374785,LOC105374785,uncharacterized LOC105374785
chr2-8050323,cg09919947,chr2,8050323,"Intron (ENST00000663636.1/339788, intron 1 of 5)",-150486,101929551,LOC101929551,uncharacterized LOC101929551
chr2-85413638,cg09337254,chr2,85413638,"Intron (ENST00000409670.5/822, intron 1 of 9)",4794,822,CAPG,"capping actin protein, gelsolin like"
chr2-921285,cg10813539,chr2,921285,"Intron (ENST00000758261.1/ENST00000758261.1, intron 1 of 2)",-15746,101060385,LINC01939,long intergenic non-protein coding RNA 1939
chr2-95025075,cg05142617,chr2,95025075,Promoter,-602,4118,MAL,"mal, T cell differentiation protein (MAL blood group)"
chr20-18832005,cg05171617,chr20,18832005,Distal Intergenic,-1796,100128496,SCP2D1-AS1,SCP2D1 antisense RNA 1
chr20-21103778,cg14262681,chr20,21103778,"Exon (ENST00000833180.1/ENST00000833180.1, exon 2 of 2)",2803,105372556,LINC00237,long intergenic non-protein coding RNA 237
chr20-21512275,cg22474464,chr20,21512275,"Exon (ENST00000549659.1/ENST00000549659.1, exon 2 of 2)",-5867,112268271,LOC112268271,translation initiation factor IF-2
chr20-21517461,cg17651959,chr20,21517461,"Intron (ENST00000750853.1/ENST00000750853.1, intron 1 of 1)",5214,4821,NKX2-2,NK2 homeobox 2
chr20-36831552,cg08559141,chr20,36831552,"Intron (ENST00000237536.9/140710, intron 2 of 14)",31986,140710,MTCL2,microtubule crosslinking factor 2
chr20-45823993,cg27262717,chr20,45823993,"Exon (ENST00000372555.8/7125, exon 5 of 6)",9752,7125,TNNC2,"troponin C2, fast skeletal type"
chr20-60055723,cg14671017,chr20,60055723,"Intron (ENST00000839661.1/284756, intron 2 of 2)",2034,284757,MIR646HG,MIR646 host gene
chr21-31560027,cg13748469,chr21,31560027,Promoter,-50,7074,TIAM1,TIAM Rac1 associated GEF 1
chr21-34560206,cg09783605,chr21,34560206,"Intron (ENST00000684114.1/1827, intron 1 of 4)",-47992,3753,KCNE1,potassium voltage-gated channel subfamily E regulatory subunit 1
chr21-41479960,cg05218995,chr21,41479960,"Intron (ENST00000679263.1/7113, intron 6 of 13)",51138,124905021,LOC124905021,uncharacterized LOC124905021
chr21-42286129,cg20075442,chr21,42286129,"Exon (ENST00000467818.1/9619, exon 4 of 4)",29280,7033,TFF3,trefoil factor 3
chr21-44686188,cg24194661,chr21,44686188,"Intron (ENST00000323084.9/54084, intron 1 of 11)",-4025,353332,KRTAP12-1,keratin associated protein 12-1
chr22-50299730,cg16050561,chr22,50299730,"Intron (ENST00000449103.5/23654, intron 1 of 36)",7916,23654,PLXNB2,plexin B2
chr3-113261606,cg20083609,chr3,113261606,"Exon (ENST00000658424.1/124909409, exon 2 of 2)",5218,124909409,LOC124909409,uncharacterized LOC124909409
chr3-119296618,cg02745009,chr3,119296618,"Intron (ENST00000264245.9/57514, intron 1 of 11)",2235,57514,ARHGAP31,Rho GTPase activating protein 31
chr3-122245755,cg14436379,chr3,122245755,"Intron (ENST00000639785.2/846, intron 1 of 6)",62087,846,CASR,calcium sensing receptor
chr3-128496589,cg01571001,chr3,128496589,"Intron (ENST00000740170.1/101927167, intron 2 of 2)",-3388,2624,GATA2,GATA binding protein 2
chr3-129975643,cg08195943,chr3,129975643,"Intron (ENST00000507066.1/7200, intron 1 of 2)",955,7200,TRH,thyrotropin releasing hormone
chr3-137351507,cg15234523,chr3,137351507,Distal Intergenic,362584,105374126,LOC105374126,uncharacterized LOC105374126
chr3-147412689,cg14750948,chr3,147412689,"Intron (ENST00000472523.1/440982, intron 1 of 1)",-5880,84107,ZIC4,Zic family zinc finger 4
chr3-15160002,cg02957042,chr3,15160002,"Intron (ENST00000487147.5/344875, intron 8 of 12)",45957,344875,COL6A4P1,collagen type VI alpha 4 pseudogene 1
chr3-154122557,cg27020216,chr3,154122557,Promoter,-1210,100507524,ARHGEF26-AS1,ARHGEF26 antisense RNA 1
chr3-154122746,cg26777729,chr3,154122746,Promoter,-1399,100507524,ARHGEF26-AS1,ARHGEF26 antisense RNA 1
chr3-158104129,cg20501518,chr3,158104129,"Exon (ENST00000490689.3/6474, exon 2 of 5)",-1726,51319,RSRC1,arginine and serine rich coiled-coil 1
chr3-160403486,cg26663696,chr3,160403486,Promoter,-1102,406949,MIR15B,microRNA 15b
chr3-171028475,cg14777768,chr3,171028475,"Intron (ENST00000834081.1/105374216, intron 2 of 2)",-1732,6514,SLC2A2,solute carrier family 2 member 2
chr3-17983810,cg14536682,chr3,17983810,"Intron (ENST00000624232.2/339862, intron 2 of 4)",122888,339862,BALR6,B-cell acute lymphoblastic leukemia associated long RNA 6
chr3-27713514,cg21757276,chr3,27713514,"Exon (ENST00000785157.1/ENST00000785157.1, exon 2 of 2)",1225,105377006,LINC02084,long intergenic non-protein coding RNA 2084
chr3-27730175,cg07413251,chr3,27730175,Distal Intergenic,-7464,8320,EOMES,eomesodermin
chr3-54869954,cg11445695,chr3,54869954,"Intron (ENST00000474759.6/55799, intron 17 of 37)",31304,100874237,CACNA2D3-AS1,CACNA2D3 antisense RNA 1
chr3-61594868,cg20559405,chr3,61594868,"Intron (ENST00000495879.1/5793, intron 1 of 2)",33299,5793,PTPRG,protein tyrosine phosphatase receptor type G
chr4-100107169,cg14305573,chr4,100107169,"Intron (ENST00000515026.1/256880, intron 5 of 5)",-82839,101929353,DDIT4L-AS1,DDIT4L antisense RNA 1
chr4-101191743,cg12010857,chr4,101191743,"Intron (ENST00000512215.5/5530, intron 2 of 7)",49129,102465868,MIR8066,microRNA 8066
chr4-101418097,cg16616070,chr4,101418097,"Intron (ENST00000502990.5/ENST00000502990.5, intron 2 of 4)",-1864,55024,BANK1,B cell scaffold protein with ankyrin repeats 1
chr4-1034096,cg09223687,chr4,1034096,"Intron (ENST00000721865.1/105374343, intron 1 of 1)",302,105374343,LOC105374343,uncharacterized LOC105374343
chr4-1034178,cg15556591,chr4,1034178,"Intron (ENST00000721865.1/105374343, intron 1 of 1)",384,105374343,LOC105374343,uncharacterized LOC105374343
chr4-1041673,cg23595451,chr4,1041673,"Intron (ENST00000721865.1/105374343, intron 1 of 1)",7879,105374343,LOC105374343,uncharacterized LOC105374343
chr4-105306642,cg13810195,chr4,105306642,"Exon (ENST00000776779.1/ENST00000776779.1, exon 1 of 2)",46369,104384744,TET2-AS1,TET2 antisense RNA 1
chr4-109559926,cg05702851,chr4,109559926,Promoter,-283,55013,MCUB,mitochondrial calcium uniporter dominant negative subunit beta
chr4-110629509,cg03184290,chr4,110629509,"Intron (ENST00000394595.8/5308, intron 3 of 4)",12614,5308,PITX2,paired like homeodomain 2
chr4-13525144,cg07333191,chr4,13525144,Distal Intergenic,9191,285547,LINC01097,long intergenic non-protein coding RNA 1097
chr4-139849421,cg00987237,chr4,139849421,"Intron (ENST00000509479.6/55534, intron 2 of 4)",86368,124900781,MAML3-AS2,MAML3 antisense RNA 2
chr4-143616957,cg15851462,chr4,143616957,"Intron (ENST00000793865.1/ENST00000793865.1, intron 2 of 4)",-37960,101927636,LOC101927636,uncharacterized LOC101927636
chr4-153223133,cg13899188,chr4,153223133,"Intron (ENST00000676423.1/23321, intron 1 of 11)",70970,23321,TRIM2,tripartite motif containing 2
chr4-153223309,cg24510494,chr4,153223309,"Intron (ENST00000676423.1/23321, intron 1 of 11)",71146,23321,TRIM2,tripartite motif containing 2
chr4-158394287,cg01024679,chr4,158394287,"Intron (ENST00000460056.6/59350, intron 1 of 19)",14505,105377510,LOC105377510,uncharacterized LOC105377510
chr4-159228451,cg00730887,chr4,159228451,"Intron (ENST00000644474.1/9693, intron 4 of 29)",-99557,100500881,MIR3688-1,microRNA 3688-1
chr4-16083922,cg13709870,chr4,16083922,"Intron (ENST00000447510.7/8842, intron 1 of 27)",456,8842,PROM1,prominin 1
chr4-16083982,cg14736058,chr4,16083982,5' UTR,396,8842,PROM1,prominin 1
chr4-37890194,cg27606137,chr4,37890194,Promoter,-890,23216,TBC1D1,TBC1 domain family member 1
chr4-40560112,cg13304206,chr4,40560112,"Intron (ENST00000295971.12/54502, intron 1 of 6)",-57993,100616274,MIR4802,microRNA 4802
chr4-40750820,cg12812233,chr4,40750820,"Exon (ENST00000316607.5/79730, exon 2 of 11)",895,79730,NSUN7,NOP2/Sun RNA methyltransferase family member 7
chr4-4853620,cg02639540,chr4,4853620,Distal Intergenic,-6045,4487,MSX1,msh homeobox 1
chr4-5038293,cg17151012,chr4,5038293,Distal Intergenic,-13187,55351,STK32B,serine/threonine kinase 32B
chr4-54226870,cg24783211,chr4,54226870,"Intron (ENST00000507166.5/5156, intron 12 of 23)",-105857,105377656,LINC02283,long intergenic non-protein coding RNA 2283
chr4-722075,cg25670583,chr4,722075,"Intron (ENST00000419774.5/10336, intron 1 of 5)",16327,10336,PCGF3,polycomb group ring finger 3
chr4-7650069,cg13066562,chr4,7650069,"Intron (ENST00000507866.6/57537, intron 4 of 26)",-104008,84740,AFAP1-AS1,AFAP1 antisense RNA 1
chr4-7650207,cg00387964,chr4,7650207,"Intron (ENST00000507866.6/57537, intron 4 of 26)",-103870,84740,AFAP1-AS1,AFAP1 antisense RNA 1
chr4-79242083,cg27138166,chr4,79242083,"Intron (ENST00000509088.7/100505875, intron 4 of 5)",83978,84779,NAA11,"N-alpha-acetyltransferase 11, NatA catalytic subunit"
chr5-10973516,cg24977670,chr5,10973516,3' UTR,-186491,102723441,CTD-2154B17.1,uncharacterized CTD-2154B17.1
chr5-151264346,cg01411934,chr5,151264346,"Intron (ENST00000523466.5/2760, intron 3 of 3)",-13035,124901115,LOC124901115,uncharacterized LOC124901115
chr5-15249395,cg26749897,chr5,15249395,"Intron (ENST00000788346.1/101929454, intron 3 of 5)",-138475,124900197,LOC124900197,U8 small nucleolar RNA
chr5-157050225,cg25988204,chr5,157050225,"Intron (ENST00000339252.8/26762, intron 3 of 7)",19171,26762,HAVCR1,hepatitis A virus cellular receptor 1
chr5-157050258,cg06733479,chr5,157050258,"Intron (ENST00000339252.8/26762, intron 3 of 7)",19138,26762,HAVCR1,hepatitis A virus cellular receptor 1
chr5-1746533,cg18007559,chr5,1746533,Distal Intergenic,-20635,105374614,MIR4277HG,MIR4277 host gene
chr5-177363177,cg23417203,chr5,177363177,"Intron (ENST00000408923.8/10636, intron 1 of 14)",5253,10636,RGS14,regulator of G protein signaling 14
chr5-2117414,cg04913686,chr5,2117414,"Intron (ENST00000653000.1/105374618, intron 8 of 8)",-149443,124901166,LOC124901166,uncharacterized LOC124901166
chr5-2866350,cg13945749,chr5,2866350,Distal Intergenic,-51508,105374620,LOC105374620,uncharacterized LOC105374620
chr5-35884652,cg24303598,chr5,35884652,Distal Intergenic,-30278,105374724,LOC105374724,uncharacterized LOC105374724
chr5-37910451,cg24966555,chr5,37910451,"Intron (ENST00000715998.1/105374731, intron 2 of 3)",10439,105374728,LINC02117,long intergenic non-protein coding RNA 2117
chr5-40681034,cg05971966,chr5,40681034,"Exon (ENST00000302472.4/5734, exon 2 of 3)",1119,5734,PTGER4,prostaglandin E receptor 4
chr5-40681618,cg19669107,chr5,40681618,"Exon (ENST00000302472.4/5734, exon 2 of 3)",1703,5734,PTGER4,prostaglandin E receptor 4
chr5-42953440,cg02282631,chr5,42953440,"Exon (ENST00000773509.1/ENST00000773509.1, exon 2 of 2)",-40349,105374746,LOC105374746,uncharacterized LOC105374746
chr5-42953487,cg21587238,chr5,42953487,"Exon (ENST00000773509.1/ENST00000773509.1, exon 2 of 2)",-40302,105374746,LOC105374746,uncharacterized LOC105374746
chr5-43037182,cg04268624,chr5,43037182,"Intron (ENST00000772992.1/ENST00000772992.1, intron 1 of 1)",-3775,153684,ANXA2R-AS1,ANXA2R antisense RNA 1
chr5-62783890,cg23527945,chr5,62783890,Distal Intergenic,205069,101180901,IPO11-LRRC70,IPO11-LRRC70 readthrough
chr5-73436658,cg22156700,chr5,73436658,Distal Intergenic,12119,2297,FOXD1,forkhead box D1
chr5-73444326,cg15132565,chr5,73444326,Distal Intergenic,4451,2297,FOXD1,forkhead box D1
chr5-73444632,cg00332937,chr5,73444632,Distal Intergenic,4145,2297,FOXD1,forkhead box D1
chr5-73444909,cg18063312,chr5,73444909,"Exon (ENST00000513595.1/ENST00000513595.1, exon 2 of 2)",3868,2297,FOXD1,forkhead box D1
chr5-74579353,cg23264234,chr5,74579353,"Intron (ENST00000783168.1/ENST00000783168.1, intron 1 of 1)",-42224,104310351,LINC01331,long intergenic non-protein coding RNA 1331
chr5-77632984,cg16304215,chr5,77632984,"Intron (ENST00000306422.5/23440, intron 2 of 2)",5729,23440,OTP,orthopedia homeobox
chr5-77638893,cg12075492,chr5,77638893,Promoter,-180,23440,OTP,orthopedia homeobox
chr5-77958149,cg09048251,chr5,77958149,"Exon (ENST00000658162.3/101929154, exon 1 of 2)",6943,101929154,LOC101929154,uncharacterized LOC101929154
chr5-77958165,cg07595776,chr5,77958165,"Exon (ENST00000658162.3/101929154, exon 1 of 2)",6959,101929154,LOC101929154,uncharacterized LOC101929154
chr5-77972627,cg04502985,chr5,77972627,Distal Intergenic,21421,101929154,LOC101929154,uncharacterized LOC101929154
chr5-79111854,cg02286091,chr5,79111854,Promoter,45,635,BHMT,betaine--homocysteine S-methyltransferase
chr5-88694264,cg08850461,chr5,88694264,"Exon (ENST00000663453.2/124901024, exon 1 of 3)",1228,124901024,GSCAR,glioma stem cell associated long noncoding RNA
chr6-104940792,cg23746497,chr6,104940792,"Intron (ENST00000635857.1/389421, intron 2 of 5)",658,100113403,LIN28B-AS1,LIN28B antisense RNA 1
chr6-104940818,cg03738025,chr6,104940818,"Intron (ENST00000635857.1/389421, intron 2 of 5)",632,100113403,LIN28B-AS1,LIN28B antisense RNA 1
chr6-12749745,cg13246235,chr6,12749745,"Exon (ENST00000693693.1/221692, exon 4 of 10)",33433,221692,PHACTR1,phosphatase and actin regulator 1
chr6-151004505,cg21691367,chr6,151004505,"Intron (ENST00000611279.4/25902, intron 20 of 27)",69537,101928788,ARL4AP5,ARF like GTPase 4A pseudogene 5
chr6-161917824,cg02631686,chr6,161917824,"Intron (ENST00000366898.6/5071, intron 6 of 11)",-316919,105378097,LNCR-SMAL,lncRNA senescence and mitophagy associated regulator of PRKN
chr6-16803580,cg12209121,chr6,16803580,"Intron (ENST00000840669.1/ENST00000840669.1, intron 1 of 5)",-42089,6310,ATXN1,ataxin 1
chr6-168158775,cg14972139,chr6,168158775,Distal Intergenic,-57264,79981,FRMD1,FERM domain containing 1
chr6-168302878,cg25751205,chr6,168302878,"Intron (ENST00000366796.7/168002, intron 3 of 5)",16899,168002,DACT2,dishevelled binding antagonist of beta catenin 2
chr6-24358007,cg04515001,chr6,24358007,Promoter,52,51473,DCDC2,doublecortin domain containing 2
chr6-24358069,cg10329683,chr6,24358069,Promoter,-10,51473,DCDC2,doublecortin domain containing 2
chr6-29486845,cg12423733,chr6,29486845,"Exon (ENST00000377127.4/116511, exon 1 of 1)",7381,124901486,LOC124901486,uncharacterized LOC124901486
chr6-29553360,cg02149189,chr6,29553360,"Exon (ENST00000641730.1/442197, exon 2 of 2)",2953,442197,OR2I1,olfactory receptor family 2 subfamily I member 1 (gene/pseudogene)
chr6-29553367,cg00674706,chr6,29553367,"Exon (ENST00000641730.1/442197, exon 2 of 2)",2960,442197,OR2I1,olfactory receptor family 2 subfamily I member 1 (gene/pseudogene)
chr6-29553494,cg22762215,chr6,29553494,"Exon (ENST00000641730.1/442197, exon 2 of 2)",3087,442197,OR2I1,olfactory receptor family 2 subfamily I member 1 (gene/pseudogene)
chr6-29553578,cg21632158,chr6,29553578,"Exon (ENST00000641730.1/442197, exon 2 of 2)",3171,442197,OR2I1,olfactory receptor family 2 subfamily I member 1 (gene/pseudogene)
chr6-29553642,cg22305167,chr6,29553642,"Exon (ENST00000641730.1/442197, exon 2 of 2)",3235,442197,OR2I1,olfactory receptor family 2 subfamily I member 1 (gene/pseudogene)
chr6-29553710,cg21133153,chr6,29553710,"Exon (ENST00000641730.1/442197, exon 2 of 2)",3303,442197,OR2I1,olfactory receptor family 2 subfamily I member 1 (gene/pseudogene)
chr6-29553721,cg06087185,chr6,29553721,"Exon (ENST00000641730.1/442197, exon 2 of 2)",3314,442197,OR2I1,olfactory receptor family 2 subfamily I member 1 (gene/pseudogene)
chr6-29553824,cg00370229,chr6,29553824,"Exon (ENST00000641730.1/442197, exon 2 of 2)",3417,442197,OR2I1,olfactory receptor family 2 subfamily I member 1 (gene/pseudogene)
chr6-29553846,cg03409187,chr6,29553846,"Exon (ENST00000641730.1/442197, exon 2 of 2)",3439,442197,OR2I1,olfactory receptor family 2 subfamily I member 1 (gene/pseudogene)
chr6-29553853,cg19690984,chr6,29553853,"Exon (ENST00000641730.1/442197, exon 2 of 2)",3446,442197,OR2I1,olfactory receptor family 2 subfamily I member 1 (gene/pseudogene)
chr6-30127480,cg27282900,chr6,30127480,Distal Intergenic,-150128,124901298,LOC124901298,uncharacterized LOC124901298
chr6-30127487,cg02049405,chr6,30127487,Distal Intergenic,-150135,124901298,LOC124901298,uncharacterized LOC124901298
chr6-31683152,cg06460587,chr6,31683152,"Exon (ENST00000375863.7/80741, exon 2 of 4)",17939,100616230,MIR4646,microRNA 4646
chr6-31683251,cg08624648,chr6,31683251,"Exon (ENST00000375863.7/80741, exon 2 of 4)",17840,100616230,MIR4646,microRNA 4646
chr6-32096480,cg10923662,chr6,32096480,"Exon (ENST00000644971.2/7148, exon 3 of 44)",73636,102466190,MIR6721,microRNA 6721
chr6-32149301,cg22897615,chr6,32149301,"Exon (ENST00000467780.5/80863, exon 2 of 2)",20815,102466190,MIR6721,microRNA 6721
chr6-35370270,cg17029792,chr6,35370270,"Intron (ENST00000360694.8/5467, intron 2 of 7)",27712,5467,PPARD,peroxisome proliferator activated receptor delta
chr6-43094095,cg10072269,chr6,43094095,"Intron (ENST00000476760.1/5754, intron 1 of 1)",-16785,112267958,KLC4-AS1,KLC4 antisense RNA 1
chr6-45420179,cg25494480,chr6,45420179,"Intron (ENST00000483377.5/860, intron 2 of 7)",1819,124901324,LOC124901324,uncharacterized LOC124901324
chr7-100493740,cg03113878,chr7,100493740,"Exon (ENST00000300179.7/222950, exon 7 of 7)",9813,222950,NYAP1,neuronal tyrosine phosphorylated phosphoinositide-3-kinase adaptor 1
chr7-116028441,cg03125206,chr7,116028441,"Intron (ENST00000265440.12/22797, intron 1 of 7)",131455,22797,TFEC,transcription factor EC
chr7-128240878,cg12782180,chr7,128240878,Promoter,-400,3952,LEP,leptin
chr7-128241226,cg19594666,chr7,128241226,Promoter,-52,3952,LEP,leptin
chr7-128241239,cg11045943,chr7,128241239,Promoter,-39,3952,LEP,leptin
chr7-128241244,cg26814075,chr7,128241244,Promoter,-34,3952,LEP,leptin
chr7-128241290,cg13381984,chr7,128241290,Promoter,12,3952,LEP,leptin
chr7-128271812,cg01745789,chr7,128271812,Distal Intergenic,30534,3952,LEP,leptin
chr7-148419982,cg03252313,chr7,148419982,3' UTR,-170784,202865,C7orf33,chromosome 7 open reading frame 33
chr7-150433619,cg03059073,chr7,150433619,"Intron (ENST00000765372.1/285972, intron 1 of 4)",342,285972,LINC00996,long intergenic non-protein coding RNA 996
chr7-150515618,cg08637514,chr7,150515618,"Intron (ENST00000313543.5/168537, intron 1 of 1)",746,168537,GIMAP7,"GTPase, IMAP family member 7"
chr7-150515996,cg09092089,chr7,150515996,"Intron (ENST00000313543.5/168537, intron 1 of 1)",1124,168537,GIMAP7,"GTPase, IMAP family member 7"
chr7-150738690,cg03334072,chr7,150738690,"Exon (ENST00000476324.1/55340, exon 1 of 2)",16437,55340,GIMAP5,"GTPase, IMAP family member 5"
chr7-150740143,cg03508765,chr7,150740143,"Exon (ENST00000476324.1/55340, exon 1 of 2)",17890,55340,GIMAP5,"GTPase, IMAP family member 5"
chr7-150755840,cg13870058,chr7,150755840,Distal Intergenic,26439,105375566,LOC105375566,uncharacterized LOC105375566
chr7-155372299,cg16476975,chr7,155372299,Distal Intergenic,-4365,338436,BLACE,B cell acute lymphoblastic leukemia expressed
chr7-155455015,cg12371933,chr7,155455015,"Intron (ENST00000781270.1/121832807, intron 1 of 4)",2104,121832807,EN2-DT,EN2 divergent transcript
chr7-155466828,cg16535144,chr7,155466828,"Exon (ENST00000745861.1/ENST00000745861.1, exon 1 of 2)",8699,2020,EN2,engrailed homeobox 2
chr7-155467149,cg04828133,chr7,155467149,"Intron (ENST00000745860.1/ENST00000745860.1, intron 1 of 1)",9020,2020,EN2,engrailed homeobox 2
chr7-156104741,cg24838949,chr7,156104741,Distal Intergenic,-41325,105375602,LOC105375602,uncharacterized LOC105375602
chr7-156178259,cg12163018,chr7,156178259,Distal Intergenic,-15798,124901790,LOC124901790,uncharacterized LOC124901790
chr7-156196674,cg22272803,chr7,156196674,"Intron (ENST00000728934.1/124901790, intron 2 of 3)",2617,124901790,LOC124901790,uncharacterized LOC124901790
chr7-157004234,cg10298479,chr7,157004234,"Intron (ENST00000469500.5/3110, intron 1 of 1)",-2073,105375606,MNX1-AS2,MNX1 antisense RNA 2
chr7-157603789,cg17364913,chr7,157603789,"Intron (ENST00000389413.7/5799, intron 15 of 21)",-10230,105375614,LOC105375614,uncharacterized LOC105375614
chr7-157862743,cg10249637,chr7,157862743,"Exon (ENST00000443338.1/100506585, exon 2 of 2)",8284,100506585,PTPRN2-AS1,PTPRN2 antisense RNA 1
chr7-157951654,cg11356247,chr7,157951654,"Intron (ENST00000389413.7/5799, intron 10 of 21)",-35493,105375613,LOC105375613,uncharacterized LOC105375613
chr7-158175233,cg25903223,chr7,158175233,"Intron (ENST00000389413.7/5799, intron 5 of 21)",188086,105375613,LOC105375613,uncharacterized LOC105375613
chr7-158277639,cg11757337,chr7,158277639,"Intron (ENST00000389413.7/5799, intron 3 of 21)",255174,693180,MIR595,microRNA 595
chr7-158300557,cg09992350,chr7,158300557,"Intron (ENST00000389413.7/5799, intron 3 of 21)",232256,693180,MIR595,microRNA 595
chr7-158428677,cg02768721,chr7,158428677,"Intron (ENST00000389413.7/5799, intron 2 of 21)",104136,693180,MIR595,microRNA 595
chr7-158490529,cg15001936,chr7,158490529,"Intron (ENST00000389413.7/5799, intron 1 of 21)",42284,693180,MIR595,microRNA 595
chr7-158501973,cg06934974,chr7,158501973,"Intron (ENST00000389413.7/5799, intron 1 of 21)",30840,693180,MIR595,microRNA 595
chr7-158533464,cg06912413,chr7,158533464,Promoter,-651,693180,MIR595,microRNA 595
chr7-1811164,cg26697605,chr7,1811164,Distal Intergenic,-27209,100127955,LOC100127955,uncharacterized LOC100127955
chr7-26153411,cg21699330,chr7,26153411,"Intron (ENST00000056233.4/9603, intron 1 of 3)",1213,9603,NFE2L3,NFE2 like bZIP transcription factor 3
chr7-27147933,cg22469274,chr7,27147933,"Intron (ENST00000518848.5/100133311, intron 1 of 2)",2670,3203,HOXA6,homeobox A6
chr7-27153036,cg23263937,chr7,27153036,Promoter,-438,3200,HOXA3,homeobox A3
chr7-27174423,cg18416576,chr7,27174423,"Intron (ENST00000716621.1/221883, intron 1 of 1)",757,3205,HOXA9,homeobox A9
chr7-27179896,cg00870179,chr7,27179896,Promoter,117,100534589,HOXA10-HOXA9,HOXA10-HOXA9 readthrough
chr7-29563594,cg19942237,chr7,29563594,Promoter,-241,222171,PRR15,proline rich 15
chr7-29563710,cg07075840,chr7,29563710,Promoter,-125,222171,PRR15,proline rich 15
chr7-29563788,cg18570553,chr7,29563788,Promoter,-47,222171,PRR15,proline rich 15
chr7-29563790,cg09282258,chr7,29563790,Promoter,-45,222171,PRR15,proline rich 15
chr7-3092612,cg00024102,chr7,3092612,"Intron (ENST00000810307.1/105375130, intron 2 of 4)",25470,105375130,LOC105375130,uncharacterized LOC105375130
chr7-3552579,cg27564338,chr7,3552579,"Intron (ENST00000404826.7/221935, intron 1 of 44)",-250055,105375132,SDK1-AS1,SDK1 antisense RNA 1
chr7-37354955,cg21917089,chr7,37354955,"Intron (ENST00000310758.9/9844, intron 1 of 21)",94268,9844,ELMO1,engulfment and cell motility 1
chr7-39070512,cg17306861,chr7,39070512,"Intron (ENST00000518318.7/11281, intron 1 of 9)",-56960,100689074,POU6F2-AS2,POU6F2 antisense RNA 2
chr7-40299325,cg26189827,chr7,40299325,"Intron (ENST00000401647.7/79783, intron 7 of 12)",-2082,105375245,LOC105375245,uncharacterized LOC105375245
chr7-48085323,cg14241836,chr7,48085323,Distal Intergenic,-3305,7378,UPP1,uridine phosphorylase 1
chr7-50307471,cg16969189,chr7,50307471,"Intron (ENST00000698573.1/10320, intron 1 of 4)",3403,10320,IKZF1,IKAROS family zinc finger 1
chr7-50308577,cg02852025,chr7,50308577,"Intron (ENST00000698573.1/10320, intron 1 of 4)",4509,10320,IKZF1,IKAROS family zinc finger 1
chr7-50318228,cg10551353,chr7,50318228,"Intron (ENST00000698573.1/10320, intron 1 of 4)",14160,10320,IKZF1,IKAROS family zinc finger 1
chr7-51605747,cg16745057,chr7,51605747,"Intron (ENST00000769890.1/105375278, intron 4 of 8)",-8519,124901634,LOC124901634,uncharacterized LOC124901634
chr7-53035616,cg05891292,chr7,53035616,Promoter,-17,285877,POM121L12,POM121 transmembrane nucleoporin like 12
chr7-55534678,cg00381233,chr7,55534678,"Intron (ENST00000462326.5/81552, intron 1 of 4)",38310,81552,VOPP1,VOPP1 WW domain binding protein
chr7-55538647,cg17334468,chr7,55538647,"Exon (ENST00000625836.2/81552, exon 1 of 5)",34341,81552,VOPP1,VOPP1 WW domain binding protein
chr7-666055,cg16581738,chr7,666055,"Intron (ENST00000544935.5/5575, intron 4 of 10)",-60644,54919,DNAAF5,dynein axonemal assembly factor 5
chr7-70678776,cg07378424,chr7,70678776,"Intron (ENST00000644939.1/26053, intron 5 of 18)",17865,107986709,LOC107986709,uncharacterized LOC107986709
chr7-74029523,cg09079855,chr7,74029523,"Intron (ENST00000445912.5/2006, intron 1 of 31)",1734,2006,ELN,elastin
chr7-771470,cg13595880,chr7,771470,"Exon (ENST00000491496.1/54919, exon 2 of 2)",-43820,5575,PRKAR1B,protein kinase cAMP-dependent type I regulatory subunit beta
chr7-78771251,cg04379508,chr7,78771251,5' UTR,-237737,100874021,MAGI2-AS2,MAGI2 antisense RNA 2
chr7-97503851,cg12007339,chr7,97503851,"Intron (ENST00000813676.1/105375416, intron 2 of 3)",61973,105375416,LINC03158,long intergenic non-protein coding RNA 3158
chr8-117440242,cg19908211,chr8,117440242,Distal Intergenic,80444,105375716,LOC105375716,uncharacterized LOC105375716
chr8-118905391,cg20085815,chr8,118905391,Promoter,-1165,124902008,LOC124902008,uncharacterized LOC124902008
chr8-119072109,cg18468919,chr8,119072109,"Intron (ENST00000521788.1/10584, intron 2 of 6)",-3327,101927513,LOC101927513,uncharacterized LOC101927513
chr8-119672942,cg23183559,chr8,119672942,"Intron (ENST00000427067.6/5168, intron 1 of 25)",511,5168,ENPP2,ectonucleotide pyrophosphatase/phosphodiesterase 2
chr8-119673076,cg09313482,chr8,119673076,"Intron (ENST00000427067.6/5168, intron 1 of 25)",377,5168,ENPP2,ectonucleotide pyrophosphatase/phosphodiesterase 2
chr8-127795594,cg24032265,chr8,127795594,Promoter,-368,100302185,MIR1204,microRNA 1204
chr8-140598334,cg21208682,chr8,140598334,"Intron (ENST00000220592.10/27161, intron 1 of 18)",37299,27161,AGO2,argonaute RISC catalytic component 2
chr8-143495067,cg24974704,chr8,143495067,"Intron (ENST00000262577.6/23144, intron 4 of 11)",63319,100310756,LOC100310756,uncharacterized LOC100310756
chr8-20953096,cg04495735,chr8,20953096,Promoter,-31,102467222,LINC03023,long intergenic non-protein coding RNA 3023
chr8-30802978,cg00818853,chr8,30802978,"Intron (ENST00000518564.1/5516, intron 1 of 2)",11336,5516,PPP2CB,protein phosphatase 2 catalytic subunit beta
chr8-3190013,cg25338036,chr8,3190013,"Exon (ENST00000335551.11/64478, exon 22 of 56)",-219120,105377791,LOC105377791,uncharacterized LOC105377791
chr8-35790422,cg27605823,chr8,35790422,"Exon (ENST00000404895.7/137970, exon 17 of 17)",-72085,124902062,LOC124902062,uncharacterized LOC124902062
chr8-48735143,cg15397374,chr8,48735143,Promoter,168,79645,CLXN,calaxin
chr8-48735157,cg22836229,chr8,48735157,Promoter,154,79645,CLXN,calaxin
chr8-53876764,cg12070159,chr8,53876764,"Intron (ENST00000297313.8/8601, intron 1 of 5)",24969,8601,RGS20,regulator of G protein signaling 20
chr8-54209407,cg25500267,chr8,54209407,Distal Intergenic,74166,29088,MRPL15,mitochondrial ribosomal protein L15
chr8-6052422,cg10061374,chr8,6052422,"Intron (ENST00000519555.1/105377797, intron 4 of 4)",-15448,105377796,LOC105377796,uncharacterized LOC105377796
chr8-66173587,cg04041976,chr8,66173587,"Intron (ENST00000353317.9/84675, intron 8 of 8)",-3651,124901954,LOC124901954,uncharacterized LOC124901954
chr8-66542431,cg10687107,chr8,66542431,Distal Intergenic,-27626,124901955,LOC124901955,uncharacterized LOC124901955
chr8-69492610,cg17524017,chr8,69492610,"Intron (ENST00000525061.5/23213, intron 1 of 4)",3312,100505739,LINC01603,long intergenic non-protein coding RNA 1603
chr8-69492968,cg20169702,chr8,69492968,5' UTR,2954,100505739,LINC01603,long intergenic non-protein coding RNA 1603
chr8-73991525,cg13213009,chr8,73991525,Promoter,133,23643,LY96,lymphocyte antigen 96
chr8-74251149,cg20904503,chr8,74251149,"Intron (ENST00000342232.5/56704, intron 3 of 5)",-69464,54332,GDAP1,ganglioside induced differentiation associated protein 1
chr8-80727633,cg26695909,chr8,80727633,"Intron (ENST00000519936.2/619279, intron 2 of 8)",147148,619279,ZNF704,zinc finger protein 704
chr8-86657990,cg27312173,chr8,86657990,"Exon (ENST00000512938.2/ENST00000512938.2, exon 1 of 1)",-47661,107986895,CNGB3-AS1,CNGB3 antisense RNA 1
chr8-94638870,cg06699564,chr8,94638870,"Exon (ENST00000839398.1/ENST00000839398.1, exon 1 of 2)",2028,100288748,LINC02894,long intergenic non-protein coding RNA 2894
chr8-94640010,cg21233460,chr8,94640010,"Exon (ENST00000839396.1/ENST00000839396.1, exon 1 of 2)",888,100288748,LINC02894,long intergenic non-protein coding RNA 2894
chr8-95073156,cg22234712,chr8,95073156,Promoter,37,105375650,MIR3150BHG,MIR3150B host gene
chr8-95073460,cg17495087,chr8,95073460,Promoter,-267,105375650,MIR3150BHG,MIR3150B host gene
chr8-98939501,cg03020554,chr8,98939501,"Intron (ENST00000523601.5/6788, intron 1 of 12)",3326,6788,STK3,serine/threonine kinase 3
chr9-113564929,cg02142972,chr9,113564929,"Intron (ENST00000374140.6/5998, intron 20 of 25)",-86027,105376223,LOC105376223,uncharacterized LOC105376223
chr9-114958656,cg04991327,chr9,114958656,"Intron (ENST00000648852.1/124902255, intron 2 of 5)",-10928,50514,DELEC1,deleted in esophageal cancer 1
chr9-117936286,cg12059723,chr9,117936286,"Intron (ENST00000697636.1/105376247, intron 2 of 5)",-39030,105376243,LOC105376243,uncharacterized LOC105376243
chr9-122220133,cg13490403,chr9,122220133,"Intron (ENST00000373755.6/26468, intron 3 of 8)",9493,26468,LHX6,LIM homeobox 6
chr9-131423518,cg18493244,chr9,131423518,"Intron (ENST00000682525.1/84726, intron 1 of 1)",49882,84726,PRRC2B,proline rich coiled-coil 2B
chr9-133580256,cg16909374,chr9,133580256,"Intron (ENST00000496132.2/642968, intron 1 of 2)",29133,642968,FAM163B,family with sequence similarity 163 member B
chr9-134010913,cg07872945,chr9,134010913,"Intron (ENST00000820249.1/ENST00000820249.1, intron 2 of 3)",-14568,266655,BRD3OS,BRD3 opposite strand
chr9-134725188,cg04779083,chr9,134725188,"Intron (ENST00000371817.8/1289, intron 4 of 65)",50483,124902301,LOC124902301,uncharacterized LOC124902301
chr9-34651964,cg09219038,chr9,34651964,Promoter,-198,3590,IL11RA,interleukin 11 receptor subunit alpha
chr9-6215639,cg21724662,chr9,6215639,Promoter,-147,90865,IL33,interleukin 33
chr9-97307724,cg01838004,chr9,97307724,5' UTR,420,100499483,CCDC180,coiled-coil domain containing 180
