slideId,prediction,prob_0,prob_1,prob_2,prob_3,prob_4,prob_5,y_true,fold
220126,4.0,0.0003942430506546643,0.01612775497234325,0.12074637616971112,0.3157086614981639,0.3642723914675616,0.18275057284156548,4,3.0
227088,4.0,0.00013020215922909627,0.00813678435028824,0.10165869630913595,0.33614111592633034,0.4013316483864979,0.1526015528685185,2,4.0
232645,3.0,0.0031011022544019827,0.062211859726156477,0.2528776842561694,0.3738935511440883,0.24426662293028012,0.06364917968890371,5,3.0
219350,4.0,4.5729564479745026e-05,0.0038926666734800754,0.06452687513628834,0.2775870088828333,0.4317951654963904,0.22215255424652813,4,4.0
220100,3.0,0.003953088882843091,0.07380512489965418,0.32371116676426015,0.3969164428488384,0.17824269143245086,0.02337148517195331,2,2.0
203829,5.0,1.663622392632121e-05,0.00198936051989236,0.03497149519278566,0.16847376456721033,0.39174212720172596,0.40280661629445935,5,0.0
289639,4.0,0.00022208866117516844,0.01087336516499634,0.09488155781732503,0.28618854860124915,0.38102534103761754,0.22680909871763677,2,3.0
213658,1.0,0.21860037137012445,0.47134038933840794,0.2536904770686388,0.050991773811214,0.0052291101759568415,0.0001478782356579833,1,0.0
237476,3.0,0.0005539796492171749,0.019681005108596314,0.1614429191318531,0.3899428050830361,0.33561342210139233,0.09276586892590499,4,1.0
733567,2.0,0.007499408479406493,0.10821806581956944,0.3739499774658902,0.3656492844018683,0.1312090699576125,0.013474193875653073,2,2.0
287913,0.0,0.6355553000689131,0.30645321799126135,0.05347407630361545,0.004349037726174787,0.00016633843786229008,2.029472172981883e-06,1,3.0
724969,1.0,0.2868594070536596,0.4687695546479305,0.2130904721873883,0.029710194673678192,0.0015509755488616328,1.9395888481765766e-05,1,4.0
701462,2.0,0.008182020471927851,0.1138362935805876,0.38030011349571585,0.3600949637966191,0.1251697265970293,0.012416882058120304,1,2.0
133804,1.0,0.21340439930525967,0.45701540162386345,0.2760818792303813,0.0500026408422819,0.00343662199316519,5.905700504849065e-05,1,2.0
730538,1.0,0.10244148328376096,0.39242509284959876,0.3815215235165136,0.11133774295769117,0.011948605765755183,0.00032555162668035376,1,4.0
257169,3.0,0.0006451660673931997,0.024164716984936323,0.18900896976819567,0.40335932545499537,0.3105423305278676,0.07227949119661181,3,4.0
727330,2.0,0.015483016218592063,0.15688326384436524,0.4049665105450456,0.32319519441324507,0.0918803746584399,0.007591640320312121,2,1.0
415813,2.0,0.04141644010530321,0.2675636303685307,0.4402358695006571,0.21136259960442405,0.03761542544498597,0.0018060349760989913,1,2.0
402631,3.0,0.0032151228764836053,0.06362601634608472,0.25560688790826497,0.3738095407308123,0.2415642802277077,0.062178151910646684,5,3.0
235405,3.0,0.004394261778716923,0.081688471163074,0.3364994813100806,0.39229850475964173,0.16527476650742567,0.01984451448106106,5,4.0
313884,1.0,0.12798975150603797,0.42636288847261516,0.33573447429791425,0.09570784867955417,0.01364792183954422,0.0005571152043342131,1,0.0
259985,1.0,0.3972810721441319,0.4322369142638386,0.1522713701433448,0.017478535408089857,0.0007244847501632901,7.623290431579832e-06,1,1.0
247307,0.0,0.6490981304871941,0.3001681529862187,0.048239405705573724,0.0024460325984678732,4.8068627674258124e-05,2.0959487134764032e-07,1,4.0
487457,3.0,0.0020943098830380766,0.04968308872301245,0.2720254036001008,0.41130134549876274,0.2274458591190387,0.03744999317604725,1,2.0
929841,2.0,0.039000274226839333,0.2668971778030379,0.44026873307171716,0.21410076236051978,0.037953108019032844,0.0017799445188529939,1,4.0
737721,2.0,0.05369818013379699,0.3142111882225592,0.4063446050266003,0.18280348703972815,0.04027366150299805,0.00266887807431726,2,0.0
740941,3.0,0.0012201208215949406,0.03428611659424227,0.18617610062802112,0.3607060248097384,0.3084657538882718,0.10914588325813146,4,3.0
922318,2.0,0.02134108676693005,0.18643740388788457,0.41992492202760506,0.29380161881727784,0.07324144382499387,0.005253524675308596,2,1.0
222180,4.0,9.041503812588521e-05,0.006631655199826281,0.07684721394316153,0.25481694509595537,0.4042596756655533,0.2573540950573776,4,0.0
411147,2.0,0.043691918559107555,0.28105395001012384,0.43810974766307254,0.2017505282149339,0.033894066631462216,0.0014997889212999826,1,4.0
293101,1.0,0.15232948032993787,0.4448749438912861,0.3120933309796088,0.08000723234821139,0.010318385137701336,0.00037662731325449617,1,0.0
250459,3.0,0.004574417596515429,0.08368558562306284,0.33970361207555777,0.39056116990248735,0.1622818759256056,0.019193338876770993,2,4.0
303141,4.0,0.0002604344498790932,0.013743472426818672,0.12017516565182414,0.30925581577831657,0.3793757477344128,0.17718936395874874,3,0.0
506755,0.0,0.47556822453812136,0.41154760221086245,0.1022069123299858,0.010132336242272832,0.000537624667263259,7.300011494293379e-06,1,0.0
234142,1.0,0.21962277335074515,0.4584330534330883,0.2707135672814288,0.04795119811516646,0.0032252583464917883,5.4149473079467825e-05,3,2.0
433603,1.0,0.22195509867964558,0.45062407755504486,0.27116186528293407,0.05253882310710156,0.003653376950248477,6.675842502545937e-05,2,1.0
408086,2.0,0.021810866336574055,0.20629591503734182,0.4069321936256905,0.26983173506009983,0.08643083532047768,0.00869845461981611,3,0.0
115686,4.0,0.0004923494296388745,0.018752306782073916,0.1320887053733985,0.3262577078849126,0.3556057752591905,0.1668031552707856,4,3.0
456459,3.0,0.0007093067315608586,0.023964272965822382,0.15236600922076707,0.34203258659222446,0.3388208377227334,0.14210698676689182,4,3.0
442469,1.0,0.2912303243827,0.455059310539513,0.21799973708504505,0.033798347986958355,0.0018850592647778885,2.7220741005695714e-05,0,1.0
121495-1,0.0,0.6090693263382355,0.32574398696819895,0.061542788204016485,0.0035618860046302547,8.158321364437615e-05,4.2927127441583224e-07,0,2.0
436412-1,0.0,0.5468259647984111,0.3652073941144661,0.08216773570257718,0.005645550540223088,0.0001523979369769668,9.569073455839572e-07,0,2.0
496751-1,2.0,0.017242297382505937,0.16636423168850634,0.41053995681165245,0.31371746582706217,0.08540165467758198,0.006734393612691125,1,1.0
197688,2.0,0.07861658194168189,0.3649916287268349,0.38495382765182395,0.14356927708932787,0.026434386142121902,0.0014342984482095256,2,0.0
203050,0.0,0.4747356044225713,0.41197915719040806,0.10254882524475895,0.010187450394349318,0.0005415930317661521,7.369716146232719e-06,1,0.0
421369,1.0,0.4111684414981151,0.43287039385690257,0.14140508936222307,0.014013335132681104,0.0005378081158997627,4.932034178395384e-06,0,2.0
164077,0.0,0.702266170969079,0.25820554150267483,0.03693378579713891,0.0025127442305593606,8.093460837144129e-05,8.2289217651077e-07,1,3.0
501443,1.0,0.405146153019719,0.43976400565534657,0.14063925353705653,0.013924425229399184,0.0005216034981859741,4.559060292730344e-06,1,4.0
515966,2.0,0.07370255778965987,0.35638670286863106,0.3895992125268042,0.15017315332885506,0.028534834355113947,0.001603539130935916,2,0.0
522500,2.0,0.0331763152628459,0.25339723153318716,0.4142958894256037,0.23121386328422378,0.06268133981458246,0.0052353606795569885,2,0.0
554970,3.0,0.0006237357751272965,0.02255846067692199,0.18255754428564386,0.398417385605544,0.3175830628010322,0.07825981085573064,5,2.0
108557,2.0,0.09797262924600458,0.3791194203084401,0.39012128012752306,0.11883809479353291,0.013546674124204627,0.0004019014002947241,0,2.0
302256,4.0,0.00016544508057123077,0.009118467116070611,0.10905569550260244,0.34266114021704275,0.3932498705885337,0.14574938149517924,4,2.0
494581,1.0,0.22909741975179848,0.4669519105639141,0.25776876259987613,0.043416527841494856,0.0027238364627460987,4.154278017032276e-05,0,4.0
549165,1.0,0.33444062489078213,0.46150038072726857,0.18115709568915261,0.021896102371723347,0.0009950819820941925,1.071433897914531e-05,1,4.0
564124,3.0,0.00453566305500836,0.08024458998509854,0.3348460988560367,0.39163813934218505,0.16782606058724947,0.020909448174421863,5,2.0
558024,3.0,0.0025946093731702567,0.061355376636984996,0.26888068810092847,0.36997085577481176,0.24249569403030746,0.05470277608379703,4,0.0
570200,1.0,0.24445475011095835,0.45422563617625406,0.25291661691082157,0.04542351078328766,0.00293007014334401,4.941587533435765e-05,1,1.0
806056,2.0,0.03341379143303694,0.23832095499658854,0.3951397656087645,0.25323820109545525,0.07231505746679878,0.007572229399355979,2,3.0
227913,0.0,0.5791173490228576,0.3504055912115259,0.06528206797679481,0.004984968789088162,0.0002078649905115082,2.15800922198639e-06,0,0.0
341033,2.0,0.05977561310229845,0.3056449831084038,0.4215412031322611,0.1833512708288988,0.028459401737112255,0.0012275280910255537,1,1.0
545094,2.0,0.007632586751476977,0.11673750343493546,0.35047758966822606,0.34148998538651776,0.15923693459347255,0.024425400165371203,2,0.0
566049,0.0,0.5017445763091459,0.38645831175262757,0.1025844145297875,0.008928693284276035,0.0002817864024049488,2.217721758013269e-06,0,1.0
114434,0.0,0.5253589322117643,0.37772833184437327,0.09015921992198872,0.0065649057912609,0.0001873611547400511,1.249075872733485e-06,1,2.0
608216,0.0,0.5697250243156783,0.3539979683238924,0.07162335212796589,0.004542351130393474,0.00011069550436515474,6.085977047876057e-07,0,4.0
640440-1,4.0,1.0494426664078154e-05,0.0013429128063795316,0.03232974778248458,0.1966032942932096,0.43358067688096397,0.3361328738102982,4,4.0
354521,1.0,0.3539820501962642,0.4614303830838788,0.16120079136815602,0.021812910181996048,0.001544929429428521,2.8935740276403443e-05,0,0.0
404049,0.0,0.7291642827728753,0.2366795274822313,0.03263226888857673,0.0014985693133919842,2.5249607988553358e-05,1.0193493615862081e-07,0,1.0
277647,2.0,0.011189179757873589,0.13609629526482814,0.40151093034091456,0.3376869070941946,0.10439862113782872,0.009118066404360414,2,2.0
335301,0.0,0.5935943943477525,0.3385160434099922,0.0640019950654167,0.0038002018508008772,8.691901603741226e-05,4.4631000029049517e-07,1,4.0
622744,1.0,0.3557125684579241,0.45098591680514055,0.1724545429353206,0.019948767441743787,0.0008886358833704033,9.568476500576573e-06,0,2.0
354560,2.0,0.018540539472434548,0.18473557240617172,0.42979960618826407,0.2907563198812414,0.07140076291447284,0.004767199137415412,2,4.0
445174,4.0,2.728975131205713e-05,0.002355661555465739,0.04385162084627761,0.23034822734193325,0.432390730852643,0.29102646965236834,5,1.0
639877,1.0,0.37417251799410906,0.4552254734021372,0.1500319161784146,0.019249589935393385,0.0012975047364699455,2.299775347580635e-05,0,0.0
642345-1,4.0,0.0001305144063005954,0.0072429306109937685,0.08966622149361259,0.3201397860274037,0.40774526836302216,0.17507527909866716,5,1.0
693169,2.0,0.04114853622437783,0.25869261773757196,0.4309055966034503,0.22511537654633906,0.041937959832253346,0.0021999130560075297,1,1.0
618720,4.0,0.00010949673732116591,0.006831602571762474,0.09166596153958768,0.32052503549935285,0.40946552697974636,0.17140237667222946,4,2.0
547665,0.0,0.6644155335596891,0.2847898623920291,0.04805252477833244,0.00268690197010113,5.4905193217047454e-05,2.7210663122723133e-07,0,1.0
640440-2,4.0,5.920899900697506e-06,0.0008813341601828314,0.024368922842142232,0.16846060439511154,0.42292143051276115,0.38336178718990155,2,4.0
643765,2.0,0.09550776712923192,0.3666784191745742,0.38980299766588944,0.13160963410485094,0.015878280364777786,0.0005229015606756926,5,1.0
349147,2.0,0.028070517166217387,0.21870170537816136,0.39163012063032526,0.26962792108150524,0.08262829105469993,0.009341444689090816,0,3.0
143742,4.0,4.609890983921754e-05,0.003915052070506531,0.06476089912623458,0.27804703619949,0.43165632636289303,0.22157458733103663,4,4.0
171489,0.0,0.4308589208361316,0.42492086933217615,0.13142320123396634,0.012343251171781366,0.0004498552937525213,3.902132192035168e-06,1,2.0
170656,0.0,0.482792508848282,0.39862662772079066,0.10540486366888047,0.012478094055545341,0.0006856140548113787,1.2291651690143901e-05,0,3.0
176086,3.0,0.0011059750103667053,0.03293566509869786,0.22261499760587816,0.41037371134205314,0.2764273900159874,0.05654226092701675,2,2.0
177224,1.0,0.2429698466433326,0.4746651187468201,0.23452380791336336,0.04358127717270366,0.004151782349204991,0.00010816717457529101,1,0.0
121285,2.0,0.007825444637397573,0.11841481699615727,0.3522194624034334,0.34027812445659145,0.15735196262492068,0.02391018888149965,2,0.0
146350,0.0,0.5911125063342653,0.33758305235277486,0.06712122155085787,0.004084522427505233,9.815351250153093e-05,5.438220952447281e-07,2,2.0
155171,2.0,0.02219889192770844,0.20814815007262485,0.4074666647626126,0.26830155733071015,0.08535913717483234,0.008525598731511597,4,0.0
145604,1.0,0.2197897790219263,0.4547030900695195,0.2575562362674475,0.06111472200513757,0.006593606869469748,0.00024256576649939188,2,3.0
101230,1.0,0.33991315864715566,0.45484331349748885,0.18215682818168188,0.022048982121572136,0.0010261349932318975,1.1582558869571713e-05,1,2.0
140682,2.0,0.07259950464301998,0.3309975184229994,0.4112453398185327,0.16160620302364037,0.022673783039582895,0.0008776510522247039,1,1.0
130113,1.0,0.11982047117311573,0.41870776010202065,0.3438682140824463,0.10189058973402243,0.015072085485084319,0.0006408794233105919,1,0.0
119659,2.0,0.0913325000839334,0.36093244883082176,0.39386832145037004,0.13641516900926431,0.01688037670587028,0.0005711839197402035,2,1.0
304728-1,1.0,0.23670549600358254,0.4679900401112021,0.25148078413644803,0.04126267901644276,0.0025235577565380085,3.7442975786561306e-05,0,4.0
772561,0.0,0.689790517900456,0.27016332415838107,0.038296772990785044,0.0017192122367438722,3.005716070092479e-05,1.1555293311094061e-07,1,4.0
218196,0.0,0.4757907691568355,0.4114320745717823,0.10211565625483887,0.01011764989210906,0.0005365686354992238,7.281488935029223e-06,0,0.0
622869,2.0,0.05487937558626818,0.3170804582006106,0.40550471914399355,0.18056316978928377,0.03939041923158104,0.0025818580482628306,2,0.0
626414,1.0,0.3546238909654417,0.45649514047509393,0.16879683233046627,0.01924895718358044,0.0008268024509880956,8.376594429537754e-06,1,4.0
697339,0.0,0.6712254852285466,0.27990883254467847,0.046277778008163906,0.0025368180702926013,5.083935107697002e-05,2.467972414210706e-07,0,1.0
666045,2.0,0.016002288840830253,0.1708758247198783,0.4235854299535828,0.3044807481119084,0.07939777486707422,0.005657933506726054,1,4.0
666563,2.0,0.053748940562531974,0.2919758112246268,0.4255470307732767,0.1952921784106605,0.031975600653631364,0.0014604383752726546,2,1.0
474532,0.0,0.6660512823092085,0.28953791246200977,0.04179141212650628,0.0025332597476791507,8.543317340359291e-05,7.001811926921064e-07,0,0.0
101292,4.0,2.1804949130871743e-05,0.0021522603423137546,0.044210568350624105,0.22935256337667914,0.4355674273274286,0.2886953756538235,4,2.0
583163,4.0,0.0004566288669784399,0.017820289980288853,0.12815985500242805,0.32275264775901974,0.3586771788356285,0.17213339955565643,5,3.0
352752,4.0,6.948123814778914e-05,0.004627765263140968,0.06780244316637798,0.2839619527448639,0.4245099803882366,0.21902837719923274,4,1.0
255604,2.0,0.009977072608175467,0.12755554691255397,0.3940687416113728,0.3463306307425986,0.1118287526400854,0.01023925548521376,2,2.0
658659,0.0,0.7124911514736361,0.25129450245095364,0.03471163082368678,0.0014773891463819577,2.5229289323580595e-05,9.681601798039452e-08,0,2.0
703697,1.0,0.3776552521476679,0.43855284022253566,0.16316345815324196,0.019755696591653438,0.0008631462141429624,9.606670758111058e-06,1,1.0
244557,2.0,0.0607047437136812,0.30764349833870663,0.42086639643652113,0.18161907804201538,0.02796997788852429,0.0011963055805513934,2,1.0
665087-1,0.0,0.663292685238975,0.2879681194609244,0.046396993893444316,0.002296696007653476,4.530241570555038e-05,2.0298329728163367e-07,0,2.0
699110,1.0,0.3430112273687661,0.46438809116378976,0.167525425998726,0.023343338131632696,0.0016991109833375262,3.2806353747916184e-05,2,0.0
665087-2,0.0,0.582481443471301,0.34314663343065266,0.06990729143722874,0.004356902269409435,0.0001071211012032558,6.082902048731853e-07,1,2.0
521912,4.0,0.00017604730246024514,0.009520896958574379,0.11188721991566791,0.3458628290161713,0.390482509384777,0.14207049742234912,2,2.0
692561,2.0,0.07954168326604932,0.3665469058307146,0.3840658192455639,0.1423762561470876,0.02606416875425177,0.001405166756332843,1,0.0
703576,2.0,0.043017830041272256,0.2640996208222791,0.4304593911782184,0.2201940008020753,0.04016896735918318,0.0020601897969717564,2,1.0
663974,1.0,0.3632226883751869,0.45870945790387463,0.15601468756275894,0.020600896071436336,0.0014262266177459404,2.6043468997261066e-05,0,0.0
596370,3.0,0.0011727173836263132,0.033409548473002884,0.18356382465122517,0.35957287734780274,0.310884992776322,0.1113960393680209,1,3.0
661753,3.0,0.0014410524826775266,0.038207141003925575,0.19737544559609743,0.3650127914419712,0.29798918874367786,0.09997438073165044,3,3.0
592456-1,3.0,0.0007367610628646521,0.02520425745719931,0.19371858598740566,0.40284738407177506,0.30600854101940145,0.07148447040135386,2,2.0
222814,0.0,0.6444555874248452,0.30026106312153233,0.05107059449670781,0.004059098394757377,0.00015184696566894473,1.8095964883224624e-06,0,3.0
678133,1.0,0.23303720622024487,0.4608348255645864,0.2594176858607701,0.04384698490125072,0.0028182433381845895,4.505411496336098e-05,1,2.0
672910-1,2.0,0.0786705211958223,0.3464487584246577,0.3772347976372663,0.16361453004452398,0.031829342111602044,0.0022020505861276574,2,3.0
521092-2,1.0,0.3988356078058262,0.4317017995184406,0.15143132136935467,0.017309281620692896,0.0007145045174956621,7.48516818993572e-06,0,1.0
668403-1,0.0,0.4329553530685163,0.42165235344262586,0.12731905463640836,0.01700225308003278,0.0010496836214881622,2.1302150928548258e-05,0,3.0
810151,1.0,0.3059809123035482,0.45763487148711823,0.19691301762541646,0.03631777929236346,0.0030665624535907154,8.68568379629453e-05,1,3.0
401945-1,1.0,0.30526291634449465,0.4577210290952407,0.1973699627344555,0.03647301996045749,0.0030855021893444468,8.756967600720422e-05,1,3.0
135304,4.0,5.75337660010083e-06,0.0008078287508503706,0.02302554193968289,0.1616052149481572,0.41632994858501793,0.3982257123996915,4,2.0
686840,1.0,0.3008768457897718,0.46734813382603557,0.20325478417715914,0.027144945480331084,0.0013590450709551893,1.62456557472046e-05,1,4.0
287773,1.0,0.29755938045167796,0.46774227682632474,0.20554917333604816,0.0277301943022904,0.0014020370107535873,1.693807290514826e-05,0,4.0
223426,1.0,0.41497029270352476,0.4399640356115449,0.12921510683036697,0.014923782136885055,0.0009122801488675725,1.4502568810748073e-05,0,0.0
961180,1.0,0.19991954769336429,0.44934970966070975,0.27324986503901394,0.06921035010052445,0.007957225167940729,0.0003133023384468414,1,3.0
996080,4.0,6.049197625740819e-05,0.00500227690972134,0.06421560457389236,0.23343874648206653,0.4067380934751693,0.29054478658289307,4,0.0
113308,0.0,0.4628159283281499,0.4105391277153626,0.11628810050769844,0.01001815762206315,0.0003360204363284103,2.6653903975049076e-06,0,2.0
768250,1.0,0.18535261640420103,0.4392153050040251,0.3029332944654488,0.06706489283126416,0.005321911130658941,0.00011198016440194802,2,1.0
593120,2.0,0.015337139564803079,0.1620065084395218,0.419518010499885,0.31148578143521344,0.08514580763109314,0.006506752429483509,1,2.0
667823,1.0,0.3383722936223077,0.4606080039202598,0.17869653227521154,0.021353244361905,0.0009597151746069121,1.021064570905228e-05,1,4.0
583846,1.0,0.32884632205853936,0.4503708911399974,0.19268285705147803,0.026745476518556188,0.0013372676312962684,1.7185600132751944e-05,0,1.0
124768-2,0.0,0.6151691261218099,0.3187293111712769,0.06202185550937189,0.003985809381605421,9.3362806088515e-05,5.350098474243836e-07,0,1.0
124768-1,0.0,0.6077145686573505,0.32364859193800743,0.06431647690220899,0.004218938158795704,0.0001008340074600822,5.903361772752191e-07,0,1.0
109042-2,1.0,0.35609183396805866,0.44449754039437583,0.1757636776930097,0.022587887472319212,0.0010466576940548755,1.2402778181708207e-05,0,1.0
783370,5.0,3.294942468382868e-06,0.0005329520245919425,0.017327419207457524,0.13728410476756525,0.39979137268577536,0.44506085637214154,2,2.0
771394,0.0,0.7207471966079623,0.2476451368220991,0.030008477923425536,0.0015535318958043165,4.534043573778401e-05,3.1631497099393613e-07,1,0.0
774309-1,1.0,0.2610005531651467,0.46323582900284266,0.23708591038053461,0.03650310131057022,0.0021435197047694476,3.108643613636275e-05,1,2.0
786363,0.0,0.440886343463216,0.4154336425039987,0.12991296376210937,0.013272048745970322,0.000490435461671046,4.566063034561196e-06,1,1.0
787884,4.0,0.00023536343110390156,0.012829695156976953,0.11534332135394706,0.30434768436281995,0.3829266207054702,0.18431731498968196,5,0.0
783798,2.0,0.0194238572597047,0.18382875232804996,0.43008588439390266,0.2897451716242988,0.07196021474194614,0.004956119652097746,2,2.0
789479,2.0,0.08756326845340456,0.37220404098291016,0.3976903866811313,0.12716701072250303,0.01492718430603912,0.00044810885401180833,1,4.0
761124,1.0,0.38922901189958997,0.44083238533456287,0.153152629887645,0.01612366097637985,0.0006559074127885367,6.404489033773331e-06,1,2.0
961518,1.0,0.15350005988631982,0.4222827053364206,0.33263042126162246,0.0838380309545691,0.007566124497074278,0.00018265806399375695,1,1.0
791762,0.0,0.6278613443007803,0.31298657132587815,0.05601120097163126,0.0030736455862840906,6.690454388236233e-05,3.3327154380646817e-07,0,2.0
154396,4.0,3.8059622976783694e-05,0.003220472951987703,0.0573366972730105,0.26059215049871615,0.4332031032873971,0.24560951636591177,3,2.0
355991,2.0,0.015841000077552774,0.16212536812461872,0.3681007366453356,0.3161340332248005,0.12051293415295605,0.017285927774736365,2,3.0
668403-2,1.0,0.3277463886678901,0.45429684953620375,0.18342364165724823,0.031918136887470694,0.0025470551675329522,6.792808365430059e-05,1,3.0
501441-1,2.0,0.02052948249116024,0.18266053030154147,0.41839627728991596,0.29752831686250325,0.07538308908510649,0.005502303969772582,2,1.0
673151,4.0,1.8788932522179034e-05,0.0019311311211060971,0.04118751286999269,0.22122005392243502,0.4350800357906571,0.3005624773632869,1,2.0
292050,0.0,0.569395518477333,0.3498616576928675,0.07337815192891184,0.007043998019580666,0.0003161037689163315,4.570112390633874e-06,0,3.0
773387,1.0,0.1911963863688606,0.46389948040864826,0.27671845517749905,0.061122340318699564,0.006849525981267202,0.0002138117450253274,1,0.0
734109,4.0,3.509378323921996e-05,0.0028285813006668037,0.049424041197035834,0.2445303463091606,0.43219720199878664,0.2709847354111109,4,1.0
737207,4.0,0.00041520258644352627,0.016706278204314737,0.12332285401438242,0.31822206249034735,0.3623595098936006,0.17897409281091137,2,3.0
773888,0.0,0.7542905326012325,0.21785532608598668,0.026276470087911563,0.0015346143937802204,4.268536608931228e-05,3.714649997599295e-07,0,3.0
679218,1.0,0.21797515611371077,0.46493212500910586,0.2671934316693583,0.046800580386529345,0.0030502303678303644,4.8476453465395863e-05,0,4.0
812674,1.0,0.10862139530986153,0.38793339481672384,0.3519960323013663,0.12895530341433448,0.0212623516493603,0.0012315225083535664,1,3.0
753457,4.0,0.00017361106965734866,0.009429152133262418,0.11124696150753631,0.3451479992939912,0.39111066222960145,0.14289161376595128,3,2.0
752609-1,3.0,0.0014689231835167528,0.03760677604187666,0.22803207777815773,0.4129667736619237,0.26637034477919863,0.05355510455532653,4,1.0
745192-1,3.0,0.00036141577316092913,0.01639539966831604,0.15280743055633314,0.38429974107163506,0.3487127007355052,0.09742331219504963,4,4.0
752609-2,1.0,0.3060478935730925,0.45372403666872285,0.20774561820592152,0.030814662948865035,0.0016451154878069918,2.267311559112084e-05,1,1.0
749176,0.0,0.5393354847172896,0.36791577345441506,0.0836822306870969,0.008643713438107437,0.0004163093519318206,6.4883511591284915e-06,0,3.0
737569,2.0,0.022558289442120943,0.20446920390585185,0.4362099339710417,0.27157617135384515,0.06143405666492063,0.003752344662219742,0,4.0
615122,0.0,0.7308161148218997,0.23633939444546348,0.030852415693703894,0.0019339601985326471,5.757634035208348e-05,5.385000482194258e-07,0,3.0
101543,4.0,9.542560619329394e-05,0.00688601185603169,0.07869156110319223,0.2576884500910173,0.40364184987652424,0.25299670146704123,5,0.0
106914,1.0,0.15547812523666388,0.4284837383509387,0.3105550756493639,0.09245735076547024,0.0124456752525266,0.0005800347450366505,2,3.0
250432,3.0,0.0037439632278028767,0.07414236215296345,0.3236212812264539,0.39856251685214567,0.17733135587740434,0.02259852066322976,2,4.0
792992,0.0,0.47249621648319123,0.41313454198633276,0.1034722764324092,0.010337001220849795,0.0005524034747396156,7.560402477402306e-06,0,0.0
408057,1.0,0.31099582384403346,0.45312579014803234,0.20440406353071028,0.02988053553594261,0.001572445611401574,2.1341329879742688e-05,1,1.0
777041,1.0,0.14204640039324218,0.41420932816363537,0.34371999518523366,0.09115196526601055,0.008651867073939945,0.00022044391793829554,0,1.0
796338,0.0,0.4252052091288091,0.42189095830691514,0.13767123196275344,0.01466259687753313,0.0005645131201121867,5.490603877000844e-06,0,1.0
108136,2.0,0.03501926808689349,0.2538239329943466,0.4412911812705673,0.2257253031095241,0.0420584413854731,0.0020818731531954127,5,4.0
776722,4.0,0.0004424542720600669,0.01963456724499048,0.14798914612223507,0.3330309262468434,0.35685091906865096,0.14205198704522004,4,0.0
781478-1,4.0,8.206893373496707e-05,0.00589071341369547,0.08353997591152788,0.3108365683729223,0.4178439471394886,0.1818067262286308,4,4.0
127505,0.0,0.5186202350728137,0.3848506193792637,0.08980311882248448,0.006542629736321248,0.0001822397956087185,1.1571935081278184e-06,0,4.0
542754-1,0.0,0.4273106122499518,0.4210500702089457,0.13661157386095035,0.014468418663421412,0.0005539685932862692,5.3564234444580805e-06,0,1.0
145619,1.0,0.2760914865836601,0.46941052195919597,0.22090207020800157,0.0318553278423116,0.0017183310164619048,2.2262390368843477e-05,1,4.0
377114,0.0,0.5789147351121247,0.34811376379804826,0.06862629552270405,0.004243731105951332,0.00010093388483090049,5.40576340801735e-07,0,4.0
716389,0.0,0.684450488749648,0.2757306391397467,0.037585140646299364,0.002163599556291085,6.959088414815184e-05,5.410238667069578e-07,0,0.0
162764,0.0,0.7001228961369346,0.2598188966084011,0.037413713913472035,0.0025606893105605266,8.295542141589785e-05,8.486092158976888e-07,0,3.0
175669,1.0,0.28937284459611,0.4625392574525624,0.21602376460822825,0.030405520484319215,0.0016369934068583003,2.1619451921806032e-05,0,2.0
126304,3.0,0.002980321173518496,0.06200702622261409,0.30064872737744686,0.40531458608809784,0.19998548518696424,0.029063853951358465,5,2.0
511860,0.0,0.6016469339481054,0.32929849688075663,0.0632158221133593,0.005602845314491844,0.00023280025633065637,3.1014869561474256e-06,0,3.0
856413,2.0,0.013358586716358716,0.1594782796899343,0.3857200209232199,0.30835183680609024,0.11847337558465265,0.01461790027974419,2,0.0
158283,1.0,0.1775831893234448,0.44456298417868517,0.3086690696021762,0.06406013981048064,0.005025028391096309,9.958869411685889e-05,1,2.0
799469,2.0,0.0856565604230734,0.3575913349140137,0.37166155202288365,0.15439480912802273,0.02879233435883055,0.0019034091531759945,1,3.0
770383,0.0,0.5034350213803473,0.39650708047814354,0.0912010051222516,0.008432129673177968,0.00041946262511038945,5.300720969159123e-06,0,0.0
161831,1.0,0.2951834778837791,0.46800286841687166,0.20720499835231865,0.028157478359924326,0.0014337236176527046,1.7453369453579448e-05,1,4.0
858009,1.0,0.2538998113483867,0.46938453536754154,0.23773276648913888,0.03682379513224199,0.002129353112910737,2.973854978016721e-05,1,4.0
882294,1.0,0.16757588948891927,0.4355583415748924,0.3001238711750075,0.08528512533845756,0.010969803201078432,0.0004869692216448174,0,3.0
159603,0.0,0.6333192477093293,0.3092132804773057,0.05446180266912137,0.0029422652868211774,6.309457610087499e-05,3.092813215532786e-07,1,2.0
122547,1.0,0.11766985769320942,0.41655537249848856,0.34602145559446107,0.10360847897195868,0.015479314984170656,0.0006655202577116048,1,0.0
827832,4.0,6.96155732584317e-05,0.004959903988557424,0.0752751354218068,0.2950856674034696,0.42279082580247296,0.2018188518104348,5,2.0
868711,4.0,0.00022948585852151568,0.011122853874687342,0.09622899196189096,0.2879377551253411,0.3802892833275554,0.2241916298520037,3,3.0
271360,1.0,0.33995147147273974,0.4482098354591312,0.1856481258009427,0.024965688506402794,0.0012098408156309137,1.503794515267387e-05,0,1.0
157270,1.0,0.2496961778955839,0.45474153772701503,0.24880448996626736,0.04392583284578788,0.002785821220264717,4.614034508110265e-05,1,1.0
330358,1.0,0.2475656241283255,0.4624966407431991,0.24761400061724825,0.039844731558434154,0.002441918741631799,3.708421116122018e-05,1,2.0
853282-1,2.0,0.018981928225461728,0.18161028124421763,0.42918378133067425,0.29193504953445304,0.07319562388566492,0.005093335779528418,1,2.0
903532,1.0,0.36977540926235714,0.4520765439573376,0.15994812904582267,0.017473017927615575,0.0007199263533029798,6.973453564040888e-06,0,4.0
797778,4.0,0.0001757942310696002,0.010509451377709655,0.10225311902285322,0.28972340028281324,0.3917804839923561,0.20555775109319818,4,0.0
115670,2.0,0.05381115838649391,0.2921235390456981,0.42550938373103525,0.1951622263247884,0.03193596299175283,0.0014577295202314877,1,1.0
979545,1.0,0.10831073970818095,0.38255085519187093,0.37714591512453655,0.11831843835463607,0.013269883965482454,0.0004041676552930529,2,1.0
798792,1.0,0.27472820269106557,0.47512771470476145,0.2113085434027655,0.035658695070933,0.0031037163790242905,7.312775145018602e-05,1,0.0
818283,0.0,0.5147858106881653,0.3870295652771334,0.0912754633114613,0.006718924111173474,0.00018902338805948382,1.213224007035052e-06,0,4.0
829166,0.0,0.7109642390898686,0.25397290852327303,0.03362670552797964,0.0014128815853617915,2.3182039810554222e-05,8.323370637164373e-08,2,4.0
818680,1.0,0.13605301250112517,0.4094976184636408,0.34959344408062987,0.09531298378408082,0.009298943748896837,0.00024399742162650728,5,1.0
795437,0.0,0.5927200771750102,0.34139496302740624,0.0611894902259178,0.004511498243605749,0.00018214710326147632,1.8242247985522653e-06,0,0.0
926062,0.0,0.6325331272671252,0.31389675790111204,0.050118809839462264,0.0033281623042799025,0.0001220446417737886,1.098046246816864e-06,0,0.0
151962,2.0,0.034087240463474354,0.23644683066143504,0.430970204281706,0.24568845120327776,0.049931634373299505,0.0028756390168073187,2,1.0
142905,0.0,0.6900960241242156,0.26825468652807005,0.03979905637989822,0.001816922599244708,3.3173579193412905e-05,1.367893780468421e-07,1,2.0
232419-1,1.0,0.17193507155283555,0.4491561461014643,0.3092496857940167,0.06456907930654854,0.004994504165154678,9.551307998023617e-05,0,4.0
800199-1,1.0,0.29891007032231626,0.4544543768798844,0.2126384968166567,0.03221597280754962,0.0017563303528029817,2.47528207900638e-05,1,1.0
800199-2,2.0,0.0983462396529759,0.37041702902057644,0.3870170366128357,0.1284832722876258,0.015243357428261772,0.0004930649977243906,2,1.0
893202,1.0,0.21838392961091324,0.47129785205143937,0.2538661695413216,0.051063728855344714,0.005240021829301389,0.00014829811167971219,1,0.0
232419-2,2.0,0.03121071751753136,0.24025162720481946,0.44134014210320943,0.2380228249968508,0.046727110180925235,0.00244757799666373,1,4.0
829648-2,1.0,0.10184201356196448,0.3916828762901762,0.3821748776357465,0.11191853808358276,0.012052105468032481,0.00032958896049761766,1,4.0
832207,2.0,0.012809921742310723,0.1442369712202482,0.3557986943403926,0.3301235367323535,0.13584303246793605,0.02118784349675895,2,3.0
185660,2.0,0.03602794118594135,0.25723723686211797,0.44111538087462526,0.2226695316690961,0.04095128477918575,0.001998624629033552,2,4.0
811923,1.0,0.24734907993772487,0.45887994883572364,0.23686342423962725,0.05161044587744157,0.005124567720192652,0.00017253338929001938,1,3.0
816528,2.0,0.027574945530942696,0.22005828400473026,0.4398791591728047,0.2547700598288558,0.05452169376570781,0.003195857696958737,0,2.0
810872,4.0,0.0004488774746294984,0.01761465954872716,0.1272788811727556,0.32194541643125196,0.3593562815073932,0.1733558838652426,4,3.0
196148,4.0,0.00013087802243245034,0.00857575851964929,0.09024677724398346,0.27441212130636433,0.3986324509932899,0.22800201391428054,5,0.0
985442,2.0,0.023202164293968385,0.20163445710350664,0.4360221509025978,0.2723629131086681,0.06278902986084955,0.0039892847304094925,2,2.0
130714,1.0,0.3272745347706927,0.4574605799408098,0.19021161441296697,0.023887811251100732,0.0011519490940757882,1.3510530354032824e-05,1,2.0
980090,0.0,0.7440688834356056,0.22595860617395103,0.028222755592826165,0.0017005748989800118,4.8742015911318326e-05,4.378827258566531e-07,1,3.0
525132-1,1.0,0.2052718539401242,0.4618417522591361,0.2783023569009211,0.05104620625112988,0.0034797778414881186,5.8052807200614787e-05,0,4.0
316730,2.0,0.01991975883920424,0.17976277190175036,0.4171508998765137,0.3003947237472193,0.07706997957936468,0.005701866055947691,1,1.0
960456,0.0,0.6756816993445487,0.2789375148355757,0.04327697646928774,0.0020643362839979362,3.9303535049661775e-05,1.6953154025056705e-07,0,2.0
961804,1.0,0.3511554373762459,0.45742883734017414,0.17087356028939615,0.019679950259855916,0.0008534777329020082,8.73700142589584e-06,0,4.0
890487-1,1.0,0.41541389137214735,0.4397796771873784,0.12900098757734113,0.014882227357906452,0.0009087863414074526,1.4430163819190156e-05,1,0.0
131477,0.0,0.6622028956407107,0.2923876820020236,0.042703334482387056,0.002616251293527272,8.909836862780462e-05,7.382127236166269e-07,0,0.0
813888,1.0,0.2844403805024715,0.46894867485065167,0.21482569573641885,0.030178280083473896,0.0015869656515768993,2.000317540717944e-05,1,4.0
350659,0.0,0.6883275568376743,0.26862548340136305,0.04011456011644665,0.0028365750965764214,9.482171779040538e-05,1.0028301491438185e-06,1,3.0
800231,2.0,0.017365154834325245,0.16700494347274605,0.4108890699986666,0.31307817697427154,0.0849821253516786,0.006680529368311983,2,1.0
890487-2,1.0,0.3497643104967739,0.46260320317846915,0.1636105336787781,0.022389162193071743,0.0016024260349931652,3.036441791393063e-05,0,0.0
619807-2,1.0,0.406414155794327,0.43927421837132147,0.13998053636186536,0.013810986764391742,0.0005156123803182755,4.4903277761632054e-06,2,4.0
767296,0.0,0.5928016444811799,0.33648445654514925,0.06658401645230438,0.004032872389314601,9.647816777036411e-05,5.319642815138081e-07,1,2.0
759039,1.0,0.27983677558313524,0.46309502907509303,0.22293000805239538,0.032322894124784396,0.001790897840148964,2.439532444298287e-05,1,2.0
557961,2.0,0.0675355757403344,0.34470368689274944,0.39521050268401503,0.1591580379444396,0.03153539846110098,0.0018567982773605163,1,0.0
903854,4.0,0.00021313491031153524,0.011440260604932383,0.12436565579208048,0.36116339482652954,0.37854320744335984,0.12427434642278623,2,4.0
177931,0.0,0.5276942673979493,0.3745993983859123,0.08789815114002864,0.009338588892738975,0.0004621796730767125,7.414510294068144e-06,1,3.0
376488,1.0,0.3213887947799522,0.46929395649007144,0.180542764191302,0.026680884310028685,0.0020514965173495936,4.210371129609314e-05,0,0.0
185519,1.0,0.16770764846884995,0.43562911789660047,0.3000112971674944,0.08521091725813856,0.010954960330003094,0.00048605887891350896,2,3.0
948636,1.0,0.21642537549772534,0.4709018876302661,0.25546042331468755,0.05172018575228654,0.005339967950098945,0.00015215985493555184,2,0.0
319086,1.0,0.10691374839131657,0.3809378537502421,0.3785355679037832,0.11967263618463575,0.013524873068834653,0.0004153207011877713,2,1.0
958283,4.0,3.3467979167782605e-05,0.002732827756237726,0.048327598477169526,0.24183533843053373,0.4323390394416968,0.2747317279151944,4,1.0
514193,1.0,0.1470203626382524,0.41786004433172824,0.33888087375125653,0.08787800144865487,0.008157744957876245,0.00020297287223169924,0,1.0
555612,1.0,0.2828594467711856,0.45549658918118874,0.2239597565235828,0.03561691591744587,0.0020370757447369936,3.0215861860027893e-05,1,1.0
481121,1.0,0.2472823604863022,0.4545183401523269,0.2506918200782994,0.04460862473987126,0.00285123665851017,4.7617884690098755e-05,1,1.0
488135,0.0,0.661005335376782,0.28721755465595045,0.04895523786238265,0.002764544963884341,5.704152085028724e-05,2.856201503087519e-07,0,1.0
945330,0.0,0.5196192468850761,0.38097324743466043,0.09237703748084891,0.006831250472746242,0.00019787730593601172,1.340420732298675e-06,0,2.0
559196,0.0,0.5347651218011356,0.3782985737161014,0.07979727296978467,0.006819858950904312,0.00031549547241427334,3.677089659759325e-06,1,0.0
603514,1.0,0.33535663304823127,0.44914405661584056,0.18853530676031194,0.02568715655573739,0.0012609567277083178,1.5890292170528397e-05,1,1.0
415543,1.0,0.18200283033618664,0.4603864064245073,0.28480075617089673,0.06504469938565072,0.007522128130632022,0.00024317955212660447,0,0.0
194840,1.0,0.18786277203096602,0.4561085708193069,0.29413642858275757,0.057628002894585695,0.0041893085596713675,7.491711271245816e-05,0,4.0
799417,0.0,0.4907514539312378,0.400219696287836,0.1008692197931762,0.007920829783453542,0.000237172095323257,1.628108973195097e-06,1,4.0
554185,0.0,0.6037641564879719,0.3262310867128445,0.0655523371032738,0.004346798178203715,0.00010499980365630268,6.217140497977169e-07,0,1.0
361971,1.0,0.23560689094909093,0.46785671440990795,0.25238089524338847,0.041566077207447205,0.0025514162064064205,3.800598375902631e-05,5,4.0
522063,0.0,0.4715246814544005,0.41363337414516854,0.10387465888268754,0.010402484482202268,0.0005571564275861363,7.644607954992999e-06,0,0.0
493750,1.0,0.15796563596776203,0.43003424473921104,0.3083955438734145,0.09092239634232724,0.012122921618172411,0.000559257459112783,1,3.0
999620,1.0,0.30211704343632434,0.4725453920280686,0.19279081127890108,0.030063519651313486,0.0024304868156186377,5.2746789773849834e-05,2,0.0
311160,1.0,0.3310151599892849,0.46224408653682014,0.18332213734872882,0.022380438051068596,0.0010270036716809594,1.1174402416602724e-05,0,4.0
337890,0.0,0.5824375428146137,0.34168928756472616,0.06916015520516117,0.0064293752281386896,0.00027972584959068403,3.913337769612113e-06,0,3.0
397503,1.0,0.4273243971133639,0.4307490660833547,0.1294358504565335,0.012061125763093594,0.00042606493729901995,3.4956463552671124e-06,1,4.0
996518,1.0,0.4215827240167403,0.42331838352388246,0.13950770376371324,0.01500234288748814,0.0005831164569306546,5.7293512452094575e-06,1,1.0
125853,0.0,0.5666055610942402,0.3496614337187298,0.0778706349451399,0.005709161602218682,0.00015220765393841873,1.0009857329684735e-06,1,1.0
300486,1.0,0.13770529144056148,0.4158187321758607,0.32616702091023686,0.10445107879736482,0.015098433550054802,0.0007594431259213552,1,3.0
472815,2.0,0.055673153906157374,0.3122809400424986,0.4295417334308383,0.17532866249172963,0.026157655932620094,0.001017854196155965,2,4.0
127678,1.0,0.16321932028719854,0.451369261785855,0.30186785662419224,0.07406083971212585,0.009163348852791242,0.0003193727378371092,1,0.0
178340,1.0,0.08659083403410711,0.3777752486071553,0.37719279535920375,0.1337612282731817,0.023472686466110004,0.001207207260242149,1,0.0
992692,2.0,0.06750439494484332,0.32631363170268257,0.3853814024060909,0.18022306419504774,0.037749629955938335,0.0028278767953970885,1,3.0
440627,3.0,0.0037778053737493288,0.07178430447357052,0.32001815168601294,0.3984858406718492,0.18170681283301848,0.024227084961799483,2,2.0
590700,4.0,5.737109013395577e-05,0.004188835677156447,0.051337814387046196,0.2125606646670749,0.38898496678394057,0.34287034739464795,4,3.0
602845,1.0,0.11137810895599937,0.39102557520090303,0.34956149442979645,0.12631355589815518,0.02054817983296675,0.0011730856821792202,1,3.0
258652,4.0,8.637547257220125e-06,0.0011641370067764843,0.02938911294336068,0.18675687169720542,0.43058372073673284,0.35209752006866735,4,4.0
610359,2.0,0.0355588334353888,0.2617646611033386,0.4143264712000172,0.22444524377067088,0.05912258835664297,0.004782202133941538,1,0.0
276146,1.0,0.18176210650797647,0.4536506217927611,0.2998542156349975,0.06017313998646934,0.004477791571970591,8.212450582500974e-05,1,4.0
197778,0.0,0.519902568429783,0.38709996330107355,0.08508321061343638,0.007548426264072372,0.0003614536657746692,4.377725860038595e-06,2,0.0
289991,1.0,0.3885919126840016,0.4458587203045641,0.14944819767514217,0.015489128295906762,0.0006064807594416965,5.56028094367278e-06,0,4.0
321818,0.0,0.5226878582837274,0.3825174428528969,0.08825832938573208,0.006359979533146598,0.00017528949634226798,1.100448154711664e-06,1,4.0
261235,0.0,0.5569269262439657,0.3554973363324131,0.08129146449737035,0.00611589982734273,0.00016724311606886033,1.129982839298549e-06,1,1.0
383544,1.0,0.28836124204395414,0.46261290622579415,0.21674827829790888,0.03060305790231166,0.0016526184610164973,2.1897069014675807e-05,1,2.0
471776,2.0,0.05912806457397653,0.32020182017397913,0.4265314322838322,0.16879186338483188,0.02442712107537448,0.0009196985080057729,2,4.0
398342-1,3.0,0.001561825011362226,0.042965456269681755,0.2533833390573239,0.41465624928726075,0.24488419084513857,0.04254893952923278,2,4.0
298794-1,2.0,0.012767783584883516,0.15561099333898415,0.38323271487158567,0.31148099467485657,0.12162594981247887,0.015281563717211233,2,0.0
298794-2,0.0,0.4890041934037191,0.4044382771667289,0.09679550122623648,0.009278528546493137,0.0004772402689618982,6.259387860474419e-06,2,0.0
915899-1,1.0,0.34401886076845634,0.4539019282161939,0.17959690810543782,0.021482869017753425,0.0009884138278961618,1.1020064262345919e-05,0,2.0
440783,0.0,0.46944493517084307,0.4146962633877629,0.10473961156043887,0.010543900971958786,0.0005674609768605565,7.827932135828775e-06,0,0.0
344058-2,0.0,0.5615199152021442,0.3617528356412245,0.07082207097901361,0.005656657602973958,0.00024584771513713743,2.6728595066138894e-06,0,0.0
520390,1.0,0.2555701989715058,0.46302520269739844,0.2412972624591604,0.03781502513650692,0.0022589394927334805,3.3371242694979486e-05,0,2.0
491345,3.0,0.0027568943667868853,0.0563019921514137,0.2771644404053084,0.4112943373475453,0.2173429965466116,0.03513933918233414,3,1.0
945864,1.0,0.20789035122790595,0.4555876179224309,0.28091296905277197,0.051907634893052834,0.0036375915857183028,6.38353181200424e-05,0,2.0
103870,0.0,0.4382511454991751,0.42597151515358533,0.12415764635457538,0.011231100072763178,0.00038552623593046675,3.0666839705428828e-06,0,4.0
347487,2.0,0.05734555300141697,0.30893638502559895,0.43018025943144445,0.17575748034306604,0.026700017009435806,0.001080305189037789,2,2.0
781773,2.0,0.07041415329573046,0.3502861756722163,0.39262665599302066,0.1548612305499517,0.03007953799387464,0.0017322464952062022,1,0.0
945487,1.0,0.4060881055935145,0.4322467829654265,0.1403089046114112,0.02001092154807449,0.0013166906993244964,2.859458224879763e-05,0,3.0
524981,1.0,0.25219432479601456,0.4592661972409634,0.23335426114313296,0.0501158505339756,0.0049066322203533685,0.0001627340655601106,0,3.0
973128,4.0,2.1951856834927344e-05,0.0022980421948579997,0.046033438433940845,0.23608232243776422,0.4383810828459247,0.2771831622306773,2,4.0
399625,1.0,0.42010682691959417,0.43780645784357214,0.12675126686920746,0.014449144876758302,0.0008726175593081198,1.368593155981479e-05,1,0.0
103741,1.0,0.21706723410188067,0.4495229394561272,0.27525429251534494,0.054247787746959486,0.0038363700212969976,7.137615839070133e-05,1,1.0
136919,1.0,0.11655648076666386,0.3965578763538023,0.34497005468537534,0.12155135529543226,0.01929164173188358,0.0010725911668426624,1,3.0
184128,1.0,0.3191651542327938,0.4557770747193056,0.18865886768079798,0.033584254581124906,0.002739839968918245,7.480881705945741e-05,1,3.0
303962,1.0,0.37441801074492687,0.45061554916802893,0.15730799894099823,0.016961765461449452,0.0006900818897167538,6.593794879772297e-06,1,4.0
104651,2.0,0.06998379492662435,0.32619188208469163,0.41349190192699087,0.1656925325995584,0.0237031042780127,0.0009367841841220192,3,1.0
320913,1.0,0.26946434389377394,0.463335561508875,0.2306393010957971,0.0345565056593925,0.0019764276857968666,2.7860156364578614e-05,1,2.0
103818,0.0,0.552709446450532,0.35800425256260593,0.08281042938479921,0.00630047938340228,0.00017420132447698577,1.1908941836002995e-06,1,1.0
546299,2.0,0.057746436769722,0.31708553705077946,0.4277567671645226,0.17135619188483875,0.02509775951572757,0.0009573076144095971,2,4.0
204877,1.0,0.2025128951409429,0.46105306854415445,0.28076435558510193,0.05202710350065931,0.0035821692688674522,6.040796027395601e-05,4,4.0
821756,0.0,0.4967141880206799,0.3934685569550086,0.10158086155436241,0.007989111514104752,0.0002455096148880065,1.772340956329721e-06,0,2.0
209320,0.0,0.43140188418175124,0.41939263290300804,0.13456850346934646,0.014097850000231671,0.0005340245113253372,5.1049343372522316e-06,1,1.0
208179,1.0,0.40246734010340235,0.44500330021470746,0.13535571901242238,0.016140569017062845,0.0010163715974830234,1.670005492193649e-05,1,0.0
541324,0.0,0.5249098609755605,0.373959165778617,0.09326475241542476,0.00763753545243806,0.0002270092647149724,1.6761132447529192e-06,1,1.0
952660,0.0,0.5693254534463371,0.35146286557747974,0.07428826215380036,0.004800509366226002,0.00012218924798779174,7.20208168991654e-07,1,2.0
493867,2.0,0.02829645715237364,0.22290784513868875,0.4402803749808446,0.2520864554694978,0.05334032858289073,0.0030885386757044664,2,2.0
525488,2.0,0.01208717106673223,0.15102784740554603,0.3801209991476244,0.31516767575258586,0.12548227908571852,0.01611402754179292,1,0.0
935832,0.0,0.6849695719126024,0.27110993987678866,0.04090205345224762,0.002918942869214569,9.844097671352081e-05,1.0509124331870012e-06,0,3.0
209649,3.0,0.00433564994700417,0.0780789761817138,0.331205031734884,0.3934563065314647,0.17122838699239362,0.021695648612539697,4,2.0
952991,1.0,0.20397619144160029,0.4506182786548887,0.26999373598858323,0.06746084987838974,0.007653830149989993,0.0002971138865480727,1,3.0
389344,1.0,0.25234606023352546,0.4628440971567074,0.24382583549162573,0.03861846087318599,0.0023307313063145596,3.4814938640881365e-05,1,2.0
657863,0.0,0.42805866919216046,0.42368433555011537,0.12962281471210824,0.017517638165780225,0.0010940650842883315,2.247729554738509e-05,0,3.0
503807,0.0,0.67480675269582,0.28138614870593337,0.041806746218855606,0.0019643291895619086,3.587860240694685e-05,1.445874221461807e-07,0,4.0
859222,5.0,1.1399479756112035e-06,0.00023933433337134256,0.009919670147641838,0.09826149085713135,0.35881687085651703,0.5327614938573628,4,2.0
934675-2,1.0,0.3992887305848458,0.43730352386541915,0.1476821243441382,0.015121085345487062,0.0005988548541859817,5.6810059237966115e-06,0,2.0
822142,0.0,0.4574429885236659,0.4170760931454424,0.11525634204110735,0.009898953006772793,0.00032318775380257847,2.4355292089772718e-06,0,4.0
112284,2.0,0.054923930756514576,0.2994194710492397,0.39271241703683435,0.20241920381538048,0.046651000891558825,0.0038739764504720497,0,3.0
994419,0.0,0.6302595294309965,0.3100998759415583,0.05493400141831439,0.0045289203755635166,0.00017550158927481796,2.171244292470398e-06,0,3.0
231618,2.0,0.05615933744160098,0.29759512466316995,0.42402837767597845,0.1903631557640244,0.03049356336799469,0.0013604410872315453,1,1.0
296392,3.0,0.006469001790058817,0.09507231258282285,0.34559983631660923,0.38347515024144796,0.15151995056940215,0.017863748499658993,3,1.0
214111,1.0,0.26705040746047365,0.46962708951981263,0.22763801721136678,0.03378531465809176,0.001874145287305784,2.5025862949390465e-05,0,4.0
288003,0.0,0.4772482062000385,0.4106736098760948,0.10151938866921117,0.010021933172157382,0.0005297007788653829,7.1613036327633495e-06,1,0.0
496735,0.0,0.5856921136846998,0.3410868579282972,0.06886283576937413,0.004253904948256282,0.00010370413886651164,5.83530506137464e-07,0,2.0
117956-2,2.0,0.05755978025668126,0.3094225795246343,0.4300058455055151,0.1753500278087755,0.02658816758969451,0.0010735993146993028,0,2.0
321657,2.0,0.025839496758409162,0.2189734085589192,0.4392471986135381,0.2577789952968692,0.05500708517345476,0.0031538155988095617,3,4.0
965294,1.0,0.3824887287668981,0.4523986615592108,0.145603076495464,0.01828096687529679,0.0012076363452285799,2.0929957901705265e-05,0,0.0
173685,2.0,0.018383988172478126,0.1839151447055579,0.42947268379222125,0.29156328705587264,0.07184952022753222,0.00481537604633786,1,4.0
335987-1,2.0,0.08762451809809735,0.3555695861959408,0.39743688328557325,0.14090440134709203,0.017845567775881754,0.0006190432974148008,1,1.0
189097,0.0,0.6802261978583978,0.27339085520937645,0.04398860325706033,0.00234827315998698,4.585398296963472e-05,2.1653220882988933e-07,0,1.0
492120,4.0,0.00010325365474419473,0.006136857221773218,0.08093837526648232,0.3068458928169353,0.4150707011486907,0.19090491989137426,4,1.0
482141-2,2.0,0.07236869277336777,0.33546644649433166,0.38197322425190716,0.17267718461903148,0.034985819892940806,0.0025286319684211245,1,3.0
219047,1.0,0.3772808842413445,0.4419997359263372,0.15522063048841983,0.023782170935289226,0.001677356898562632,3.9221510046649755e-05,0,3.0
244082,0.0,0.643421633308662,0.30609980624398336,0.04731718622442471,0.0030514922039068804,0.0001089308775992226,9.511414238438931e-07,1,0.0
452949,4.0,0.0006023799895219403,0.021481575239535068,0.14303868301507897,0.3352408674732036,0.3467157946214029,0.15292069966125754,3,3.0
849969-1,2.0,0.015108681242947432,0.1579946897667854,0.3654942744446056,0.3194148536403738,0.12388014175758932,0.018107359147698454,2,3.0
946088,2.0,0.023063163535626315,0.1978898807828306,0.3854265792800155,0.28694905718497976,0.09499154146413491,0.011679777752412912,1,3.0
580101-2,2.0,0.02570008769559762,0.20918083416598682,0.3891205710739479,0.27756660660276167,0.08808745405684981,0.010344446404856211,2,3.0
503492,0.0,0.4821108363960705,0.39644477838863507,0.11093722719687549,0.0101667848068685,0.0003375688925425502,2.8043190078985702e-06,0,1.0
251369,1.0,0.36128630135130957,0.446627517250782,0.16396211143244732,0.026158526190204423,0.0019187641056004345,4.677966965627167e-05,0,3.0
283907,4.0,0.0002553488567917116,0.011580122201262543,0.11898989726340044,0.35600915933278443,0.37975315614291066,0.1334123162028502,4,1.0
227001,1.0,0.2918769599807065,0.4623422636566412,0.21423850637850306,0.02992232361850855,0.001598997951531067,2.0948414109600577e-05,1,2.0
482141-1,2.0,0.057894224564116935,0.30623528391690613,0.3912232794293084,0.19678678107713954,0.04427752297253351,0.0035829080399955027,2,3.0
447044,2.0,0.05401441460864706,0.2972684011929936,0.39313135787985043,0.20419819606275302,0.04741775694100647,0.003969873314749406,1,3.0
486138-2,1.0,0.3517350546501159,0.46206068396047284,0.162481219881502,0.022118061443332393,0.0015752920867110332,2.9687977865844317e-05,1,0.0
468162-2,2.0,0.07336576738762714,0.35577494422009365,0.38991258492743525,0.1506429818525089,0.028687612052876954,0.0016161095594581232,2,0.0
121495-2,3.0,0.0011138639859682804,0.033088907369409594,0.22314038756313365,0.4104607017093969,0.2758955597031537,0.05630057966893787,2,2.0
250982,4.0,0.00022887332422081734,0.012587693835098454,0.11403524451088588,0.30297528133061424,0.38386417785335497,0.18630872914582564,3,0.0
247394,2.0,0.08137938530690847,0.36957847294926305,0.38229105610217684,0.1400509032381726,0.025350570838312936,0.001349611565166109,1,0.0
224451,3.0,0.003449360909469673,0.06646394510204684,0.26093817958810983,0.3735036381463293,0.23627011198654457,0.05937476426749977,2,3.0
252900,4.0,6.684142807068908e-05,0.005096722835301933,0.07639076984103753,0.29924819739195313,0.4236326442553133,0.19556482424832344,3,4.0
227935,1.0,0.38654416359475285,0.43905582625947726,0.15031091037851385,0.02250189740721542,0.0015517754369129833,3.542692312763496e-05,1,3.0
232516,1.0,0.19853664065050103,0.44889559143319113,0.2743659210168411,0.06981890886425302,0.008063885156563533,0.0003190528786501945,0,3.0
205329,2.0,0.0792591779813015,0.3474278023424508,0.3767767616379989,0.1628057121668003,0.03155600452304674,0.0021745413484017817,1,3.0
233551,1.0,0.3107589435181013,0.4659703895573053,0.1965403047199673,0.025476877999697556,0.0012391278720466081,1.4356332881937384e-05,1,4.0
217072,0.0,0.4292122286048002,0.4232095869276801,0.12907757952537324,0.01739496097239368,0.0010834491620415054,2.2194807711262143e-05,1,3.0
469327,0.0,0.5622784981162778,0.352284648733988,0.07938887075604195,0.005888152297249705,0.00015877323087520878,1.0568655672837934e-06,0,1.0
273694,3.0,0.004324990858530801,0.07796228945197739,0.331005933609412,0.39355310537883453,0.1714145231941422,0.02173915750710309,1,2.0
242002,0.0,0.4282819131333947,0.42359265008008595,0.1295171760231778,0.01749383561378748,0.0010920027992482595,2.2422350305806305e-05,1,3.0
411146-2,2.0,0.027255076655217446,0.21548884380655067,0.390843734278091,0.2723088113138059,0.08443523420441901,0.009668299741915964,2,3.0
