slideId,prob_0,prob_1,prob_2,y_true,fold
100937,0.066,0.144,0.79,2,1.0
101230,0.314,0.554,0.132,0,0.0
101292,0.942,0.006,0.052,0,1.0
101398,0.708,0.168,0.124,2,3.0
101417,0.338,0.38,0.282,2,3.0
101450,0.09,0.046,0.864,2,4.0
101543,0.848,0.064,0.088,0,3.0
103741,0.384,0.178,0.438,0,4.0
103818,0.094,0.15,0.756,0,0.0
103870,0.434,0.112,0.454,1,2.0
104317,0.1,0.082,0.818,2,0.0
104651,0.75,0.13,0.12,0,4.0
105229,0.002,0.002,0.996,2,3.0
105587,0.636,0.144,0.22,2,0.0
105591-2,0.102,0.15,0.748,2,2.0
105827,0.098,0.098,0.804,2,3.0
106162,0.198,0.34,0.462,2,0.0
106744-2,0.036,0.012,0.952,2,4.0
106914,0.752,0.202,0.046,0,4.0
107920,0.876,0.092,0.032,2,1.0
108136,0.936,0.028,0.036,0,2.0
108557,0.792,0.06,0.148,1,2.0
109042-2,0.182,0.6,0.218,1,3.0
109256,0.11,0.178,0.712,2,4.0
109447-1,0.014,0.01,0.976,2,0.0
109447-2,0.022,0.0,0.978,2,0.0
112284,0.314,0.098,0.588,1,0.0
113250,0.02,0.022,0.958,2,4.0
113308,0.058,0.936,0.006,1,3.0
114434,0.204,0.454,0.342,0,2.0
114780,0.67,0.128,0.202,2,2.0
115420,0.086,0.644,0.27,2,3.0
115452,0.956,0.032,0.012,0,2.0
115530,0.002,0.0,0.998,2,1.0
115652,0.054,0.018,0.928,2,3.0
115670,0.834,0.112,0.054,0,0.0
115686,0.814,0.114,0.072,0,0.0
115980,0.016,0.02,0.964,2,4.0
117728,0.01,0.006,0.984,2,0.0
117854,0.898,0.024,0.078,2,2.0
117956-1,0.166,0.276,0.558,2,4.0
117956-2,0.282,0.02,0.698,1,4.0
118092,0.122,0.034,0.844,2,4.0
118252,0.022,0.028,0.95,2,4.0
118397,0.12,0.164,0.716,2,4.0
119025,0.91,0.02,0.07,2,1.0
119659,0.44,0.186,0.374,0,3.0
119687,0.144,0.24,0.616,2,0.0
121285,0.962,0.014,0.024,0,3.0
121495-1,0.468,0.236,0.296,1,2.0
121495-2,0.814,0.122,0.064,0,2.0
121892,0.128,0.67,0.202,2,1.0
122370,0.076,0.14,0.784,2,0.0
122547,0.768,0.126,0.106,0,3.0
124768-1,0.422,0.51,0.068,1,1.0
124768-2,0.122,0.616,0.262,1,1.0
125853,0.296,0.138,0.566,0,2.0
125887,0.366,0.284,0.35,2,0.0
126304,0.986,0.006,0.008,0,4.0
126602,0.034,0.142,0.824,2,2.0
127328,0.172,0.418,0.41,2,1.0
127412,0.058,0.148,0.794,2,2.0
127505,0.448,0.418,0.134,1,4.0
127678,0.238,0.21,0.552,0,0.0
128648,0.16,0.476,0.364,2,1.0
129537,0.324,0.238,0.438,2,3.0
130113,0.558,0.156,0.286,0,1.0
130236-1,0.026,0.064,0.91,2,2.0
130236-2,0.12,0.408,0.472,2,2.0
130656,0.212,0.206,0.582,2,1.0
130714,0.164,0.666,0.17,0,0.0
131477,0.076,0.834,0.09,1,2.0
131681,0.114,0.004,0.882,2,3.0
133084,0.12,0.068,0.812,2,2.0
133624,0.238,0.634,0.128,2,0.0
133804,0.56,0.24,0.2,0,2.0
134245-2,0.028,0.004,0.968,2,4.0
135304,0.94,0.016,0.044,0,2.0
135379-1,0.018,0.034,0.948,2,2.0
135379-2,0.142,0.428,0.43,2,2.0
135895,0.39,0.366,0.244,0,3.0
135964,0.4,0.074,0.526,2,2.0
136695,0.27,0.442,0.288,2,2.0
136919,0.248,0.458,0.294,0,1.0
137723,0.654,0.082,0.264,2,1.0
140682,0.766,0.112,0.122,0,1.0
141362,0.402,0.164,0.434,2,2.0
142128-1,0.004,0.01,0.986,2,3.0
142905,0.3,0.288,0.412,0,3.0
143742,0.986,0.0,0.014,0,2.0
145604,0.882,0.042,0.076,0,0.0
145619,0.744,0.174,0.082,0,1.0
146350,0.468,0.374,0.158,0,4.0
151962,0.978,0.006,0.016,0,4.0
154396,0.988,0.01,0.002,0,0.0
155171,0.79,0.138,0.072,0,0.0
156110,0.096,0.048,0.856,2,4.0
157270,0.716,0.166,0.118,0,4.0
158283,0.414,0.338,0.248,0,3.0
159603,0.816,0.11,0.074,0,2.0
161831,0.736,0.118,0.146,0,3.0
162764,0.086,0.21,0.704,1,3.0
163446,0.124,0.172,0.704,2,1.0
164077,0.184,0.712,0.104,0,2.0
166405,0.27,0.182,0.548,2,2.0
166809,0.206,0.642,0.152,0,2.0
168172,0.11,0.548,0.342,2,4.0
169105,0.094,0.482,0.424,2,0.0
170656,0.18,0.69,0.13,1,4.0
170829,0.064,0.27,0.666,2,4.0
171489,0.554,0.268,0.178,0,4.0
173685,0.556,0.074,0.37,0,2.0
175274,0.978,0.006,0.016,0,0.0
175453,0.006,0.014,0.98,2,1.0
175669,0.5,0.398,0.102,1,4.0
175945,0.044,0.032,0.924,2,4.0
176086,0.962,0.022,0.016,0,2.0
176127,0.026,0.012,0.962,2,0.0
177025,0.004,0.006,0.99,2,0.0
177224,0.484,0.296,0.22,0,3.0
177931,0.406,0.384,0.21,0,0.0
178120,0.034,0.176,0.79,2,4.0
178340,0.716,0.158,0.126,0,2.0
178456,0.42,0.082,0.498,2,4.0
179728,0.09,0.038,0.872,2,3.0
180363-1,0.296,0.484,0.22,2,2.0
180363-2,0.516,0.25,0.234,2,2.0
181967,0.042,0.084,0.874,2,4.0
182734,0.486,0.218,0.296,2,3.0
184128,0.748,0.078,0.174,0,3.0
185519,0.514,0.334,0.152,0,0.0
185660,0.958,0.022,0.02,0,1.0
186005,0.772,0.108,0.12,0,1.0
188650-1,0.0,0.008,0.992,2,2.0
188650-2,0.0,0.014,0.986,2,2.0
189097,0.02,0.03,0.95,1,0.0
189819,0.108,0.13,0.762,2,3.0
191136,0.05,0.308,0.642,2,3.0
194119,0.048,0.114,0.838,2,3.0
194367,0.034,0.084,0.882,2,2.0
194467,0.858,0.058,0.084,0,0.0
194840,0.402,0.236,0.362,1,1.0
196148,0.746,0.052,0.202,0,1.0
196757,0.028,0.002,0.97,2,4.0
197170,0.224,0.106,0.67,2,2.0
197688,0.93,0.04,0.03,0,3.0
197778,0.334,0.124,0.542,0,0.0
200427-1,0.2,0.036,0.764,2,3.0
200427-2,0.04,0.006,0.954,2,3.0
202408,0.076,0.04,0.884,2,4.0
203050,0.21,0.086,0.704,0,4.0
203829,0.912,0.046,0.042,0,3.0
204877,0.398,0.308,0.294,0,1.0
205260,0.996,0.0,0.004,0,2.0
205329,0.2,0.386,0.414,0,4.0
207585,0.03,0.042,0.928,2,2.0
208179,0.79,0.136,0.074,0,1.0
208220,0.058,0.188,0.754,2,0.0
209320,0.484,0.378,0.138,0,0.0
209649,0.686,0.268,0.046,0,2.0
210827-1,0.024,0.004,0.972,2,3.0
210827-2,0.018,0.006,0.976,2,3.0
211306,0.208,0.116,0.676,2,2.0
211533,0.232,0.122,0.646,2,0.0
213658,0.574,0.142,0.284,0,0.0
214111,0.436,0.436,0.128,1,4.0
216130-2,0.108,0.252,0.64,2,3.0
216704,0.912,0.056,0.032,0,2.0
217072,0.65,0.228,0.122,0,0.0
218196,0.48,0.356,0.164,1,4.0
218917,0.028,0.014,0.958,2,1.0
219047,0.236,0.398,0.366,1,2.0
219297,0.476,0.102,0.422,2,2.0
219350,0.898,0.008,0.094,0,4.0
220100,0.984,0.008,0.008,0,4.0
220126,0.846,0.052,0.102,0,2.0
222180,0.924,0.028,0.048,0,0.0
222814,0.078,0.64,0.282,1,2.0
223015,0.084,0.19,0.726,2,0.0
223426,0.354,0.392,0.254,1,3.0
224451,0.038,0.006,0.956,0,4.0
224832,0.0,0.0,1.0,2,4.0
225497,0.318,0.454,0.228,2,2.0
225718,0.154,0.156,0.69,2,3.0
226880,0.586,0.236,0.178,0,2.0
227001,0.25,0.4,0.35,0,1.0
227088,1.0,0.0,0.0,0,0.0
227913,0.274,0.392,0.334,1,4.0
227935,0.178,0.34,0.482,0,3.0
230760,0.224,0.33,0.446,2,1.0
230875,0.012,0.102,0.886,2,2.0
231618,0.86,0.104,0.036,0,3.0
231847,0.09,0.08,0.83,2,0.0
232419-1,0.33,0.152,0.518,1,4.0
232419-2,0.41,0.142,0.448,0,4.0
232516,0.23,0.664,0.106,1,1.0
232569,0.016,0.012,0.972,2,2.0
232645,0.86,0.118,0.022,0,3.0
233551,0.324,0.226,0.45,0,3.0
234142,0.374,0.154,0.472,0,2.0
235357,0.254,0.346,0.4,2,1.0
235405,0.966,0.012,0.022,0,2.0
237476,0.992,0.002,0.006,0,3.0
237952,0.054,0.186,0.76,2,0.0
238717,0.436,0.336,0.228,2,1.0
239100,0.026,0.01,0.964,2,4.0
242002,0.752,0.166,0.082,0,1.0
244082,0.172,0.344,0.484,0,2.0
244557,0.906,0.022,0.072,0,4.0
244748,0.61,0.272,0.118,0,4.0
245195,0.118,0.126,0.756,2,4.0
247307,0.226,0.508,0.266,0,4.0
247394,0.182,0.046,0.772,0,4.0
247963,0.358,0.074,0.568,2,0.0
250432,0.96,0.022,0.018,0,1.0
250459,0.994,0.004,0.002,0,4.0
250982,0.958,0.016,0.026,0,4.0
251369,0.328,0.518,0.154,1,0.0
252008,0.392,0.444,0.164,2,2.0
252900,0.884,0.036,0.08,0,1.0
254316,0.488,0.3,0.212,0,4.0
254831-1,0.03,0.01,0.96,2,1.0
254831-2,0.07,0.024,0.906,2,1.0
255604,0.804,0.13,0.066,0,2.0
256067,0.056,0.008,0.936,2,0.0
257169,0.696,0.13,0.174,0,1.0
258245,0.18,0.142,0.678,2,4.0
258284,0.046,0.214,0.74,2,2.0
258652,0.924,0.03,0.046,0,4.0
259981-1,0.206,0.148,0.646,2,0.0
259981-2,0.11,0.494,0.396,2,0.0
259985,0.22,0.584,0.196,0,3.0
260859,0.044,0.048,0.908,2,2.0
261235,0.722,0.134,0.144,0,2.0
262528,0.008,0.064,0.928,2,0.0
262811,0.16,0.256,0.584,2,0.0
263327-1,0.038,0.19,0.772,2,4.0
263327-2,0.116,0.352,0.532,2,4.0
263798,0.114,0.08,0.806,2,0.0
266157-1,0.868,0.076,0.056,0,1.0
266157-2,0.054,0.084,0.862,2,1.0
268733,0.008,0.19,0.802,2,1.0
271360,0.224,0.41,0.366,1,2.0
272393,0.07,0.076,0.854,2,0.0
273694,0.952,0.002,0.046,0,4.0
273848,0.154,0.304,0.542,2,3.0
275786,0.056,0.092,0.852,2,1.0
276146,0.678,0.154,0.168,0,1.0
277647,0.91,0.082,0.008,0,3.0
277718,0.048,0.01,0.942,2,0.0
278199-1,0.576,0.396,0.028,2,3.0
278199-2,0.084,0.07,0.846,2,3.0
278485-1,0.02,0.022,0.958,2,1.0
282956-1,0.202,0.294,0.504,2,1.0
282956-2,0.252,0.19,0.558,2,1.0
283907,0.732,0.084,0.184,0,3.0
287773,0.696,0.146,0.158,1,4.0
287913,0.476,0.442,0.082,0,4.0
288003,0.358,0.25,0.392,0,4.0
288668,0.176,0.168,0.656,2,2.0
288963,0.142,0.178,0.68,2,0.0
289639,0.842,0.004,0.154,0,1.0
289991,0.214,0.472,0.314,1,4.0
290289,0.174,0.066,0.76,2,2.0
291155,0.022,0.094,0.884,2,2.0
292050,0.058,0.694,0.248,1,4.0
292498,0.154,0.4,0.446,0,3.0
293018,0.978,0.01,0.012,0,0.0
293101,0.23,0.176,0.594,0,1.0
293614,0.334,0.332,0.334,2,4.0
295330-1,0.114,0.09,0.796,2,0.0
295330-2,0.18,0.054,0.766,2,0.0
295743,0.128,0.258,0.614,2,3.0
295851,0.904,0.016,0.08,0,2.0
296392,0.488,0.146,0.366,0,3.0
297981,0.076,0.022,0.902,2,4.0
298503-2,0.004,0.0,0.996,2,2.0
298794-1,0.934,0.044,0.022,0,0.0
298794-2,0.484,0.366,0.15,0,0.0
298853,0.542,0.148,0.31,2,1.0
300486,0.74,0.182,0.078,0,4.0
300962,0.004,0.006,0.99,2,0.0
301329,0.004,0.002,0.994,2,2.0
302256,0.982,0.012,0.006,0,0.0
302567,0.064,0.024,0.912,2,3.0
303141,0.936,0.046,0.018,0,2.0
303511,0.494,0.202,0.304,2,2.0
303962,0.25,0.582,0.168,0,1.0
304728-1,0.51,0.34,0.15,1,1.0
307820,0.004,0.002,0.994,2,1.0
308940,0.006,0.0,0.994,2,4.0
308957-1,0.136,0.376,0.488,2,1.0
308957-2,0.142,0.216,0.642,2,1.0
308974,0.098,0.276,0.626,2,1.0
311160,0.41,0.45,0.14,1,4.0
312228,0.256,0.094,0.65,2,0.0
313884,0.686,0.184,0.13,0,4.0
314821,0.222,0.362,0.416,2,0.0
316730,0.244,0.098,0.658,0,4.0
319086,0.612,0.29,0.098,0,0.0
320641,0.058,0.23,0.712,2,3.0
320913,0.94,0.03,0.03,0,4.0
320914,0.26,0.44,0.3,2,1.0
321657,0.938,0.03,0.032,0,0.0
321818,0.212,0.426,0.362,0,0.0
324753,0.472,0.408,0.12,0,2.0
326938,0.444,0.212,0.344,2,2.0
327313,0.42,0.184,0.396,2,1.0
328993,0.11,0.31,0.58,2,4.0
330358,0.846,0.084,0.07,0,2.0
331753-1,0.122,0.058,0.82,2,4.0
331753-2,0.184,0.478,0.338,2,4.0
333072,0.34,0.252,0.408,2,1.0
333134,0.132,0.496,0.372,2,0.0
333697,0.044,0.08,0.876,2,1.0
334622,0.052,0.032,0.916,2,3.0
335301,0.212,0.342,0.446,0,0.0
335663,0.222,0.38,0.398,2,3.0
335987-1,0.134,0.018,0.848,0,4.0
336057,0.042,0.052,0.906,2,0.0
337890,0.056,0.012,0.932,1,3.0
338290,0.488,0.18,0.332,2,2.0
339351,0.054,0.074,0.872,2,4.0
339449,0.024,0.014,0.962,2,0.0
339611-1,0.218,0.402,0.38,2,1.0
339611-2,0.354,0.51,0.136,2,1.0
341033,0.98,0.004,0.016,0,2.0
344058-2,0.352,0.518,0.13,1,2.0
347487,0.828,0.038,0.134,0,1.0
348357,0.512,0.014,0.474,2,4.0
349147,0.288,0.174,0.538,1,3.0
349942,0.876,0.07,0.054,0,0.0
350659,0.338,0.49,0.172,0,0.0
351275,0.052,0.002,0.946,2,0.0
352752,0.968,0.006,0.026,0,4.0
354521,0.09,0.126,0.784,1,0.0
354560,0.916,0.042,0.042,0,0.0
354764-2,0.0,0.004,0.996,2,3.0
355991,0.85,0.114,0.036,0,1.0
357423,0.04,0.014,0.946,2,3.0
358300,0.244,0.118,0.638,2,1.0
358404,0.024,0.276,0.7,2,4.0
360549,0.598,0.248,0.154,0,1.0
361971,0.152,0.226,0.622,0,1.0
363920,0.014,0.022,0.964,2,1.0
367181,0.046,0.096,0.858,2,1.0
370246,0.014,0.01,0.976,2,2.0
373987,0.158,0.62,0.222,2,4.0
376488,0.17,0.442,0.388,1,1.0
376547,0.006,0.006,0.988,2,1.0
377114,0.138,0.15,0.712,1,3.0
380030,0.248,0.06,0.692,2,2.0
383544,0.276,0.044,0.68,0,0.0
384393,0.028,0.274,0.698,2,4.0
387998,0.066,0.194,0.74,2,2.0
389344,0.2,0.164,0.636,0,0.0
397249,0.216,0.098,0.686,2,0.0
397503,0.23,0.274,0.496,0,4.0
398342-1,0.886,0.042,0.072,0,4.0
398342-2,0.192,0.126,0.682,2,4.0
398516,0.354,0.044,0.602,2,2.0
399625,0.3,0.354,0.346,0,1.0
401671,0.016,0.052,0.932,2,1.0
401945-1,0.572,0.308,0.12,0,1.0
401945-2,0.18,0.206,0.614,2,1.0
402631,0.994,0.002,0.004,0,2.0
404049,0.454,0.418,0.128,1,0.0
405610,0.388,0.122,0.49,2,2.0
408057,0.052,0.114,0.834,0,1.0
408086,0.992,0.002,0.006,0,3.0
409153,0.242,0.052,0.706,2,0.0
409157,0.006,0.0,0.994,2,2.0
409386-2,0.53,0.074,0.396,2,0.0
410128,0.208,0.264,0.528,2,1.0
411146-2,0.888,0.058,0.054,0,0.0
411147,0.266,0.372,0.362,0,3.0
413514,0.12,0.358,0.522,2,0.0
414496-2,0.068,0.054,0.878,2,0.0
414690,0.098,0.152,0.75,2,4.0
415543,0.408,0.204,0.388,1,1.0
415813,0.576,0.212,0.212,0,4.0
417979,0.512,0.256,0.232,2,0.0
420206-2,0.038,0.16,0.802,2,0.0
421369,0.106,0.774,0.12,1,0.0
425051-2,0.24,0.16,0.6,2,3.0
425593-1,0.108,0.046,0.846,2,4.0
425593-2,0.082,0.796,0.122,2,4.0
426557-2,0.234,0.262,0.504,2,0.0
428519,0.042,0.044,0.914,2,2.0
428772,0.112,0.27,0.618,2,3.0
430366-2,0.014,0.024,0.962,2,3.0
430532,0.014,0.022,0.964,2,0.0
433603,0.656,0.064,0.28,0,2.0
433622,0.078,0.104,0.818,2,3.0
436412-1,0.178,0.678,0.144,1,1.0
437272,0.224,0.458,0.318,2,2.0
439727,0.344,0.572,0.084,2,2.0
440627,0.894,0.008,0.098,0,1.0
440783,0.16,0.42,0.42,1,1.0
441535,0.526,0.298,0.176,0,0.0
441740,0.124,0.026,0.85,2,1.0
442469,0.308,0.358,0.334,1,4.0
445174,0.95,0.03,0.02,0,3.0
446325,0.664,0.074,0.262,2,2.0
446556,0.064,0.328,0.608,2,1.0
446780-1,0.016,0.06,0.924,2,0.0
446780-2,0.05,0.116,0.834,2,0.0
447044,0.812,0.032,0.156,0,1.0
447994,0.552,0.132,0.316,2,3.0
452949,0.836,0.028,0.136,0,4.0
453418,0.07,0.05,0.88,2,3.0
453830,0.222,0.008,0.77,2,0.0
453926,0.384,0.256,0.36,2,1.0
454961,0.662,0.28,0.058,2,4.0
455145-1,0.746,0.206,0.048,0,3.0
455145-2,0.642,0.188,0.17,0,3.0
456371,0.434,0.18,0.386,2,4.0
456459,0.91,0.048,0.042,0,3.0
456805,0.1,0.356,0.544,2,1.0
457347-1,0.342,0.056,0.602,2,4.0
457347-2,0.106,0.022,0.872,2,4.0
458178,0.034,0.024,0.942,2,4.0
458419,0.24,0.166,0.594,2,0.0
459377,0.49,0.388,0.122,2,4.0
461516,0.036,0.166,0.798,2,2.0
465984,0.028,0.016,0.956,2,1.0
465986-1,0.092,0.316,0.592,2,2.0
465986-2,0.036,0.04,0.924,2,2.0
467518,0.112,0.12,0.768,2,4.0
468162-2,0.136,0.026,0.838,0,2.0
469327,0.572,0.304,0.124,1,0.0
471169,0.478,0.166,0.356,2,0.0
471661,0.014,0.014,0.972,2,1.0
471776,0.856,0.094,0.05,0,2.0
472815,0.924,0.062,0.014,0,3.0
473038,0.1,0.252,0.648,2,4.0
473661,0.06,0.2,0.74,2,2.0
473786-1,0.056,0.646,0.298,2,1.0
473786-2,0.552,0.23,0.218,2,1.0
474532,0.064,0.582,0.354,1,2.0
474571,0.154,0.17,0.676,2,2.0
476790-1,0.344,0.038,0.618,2,3.0
476790-2,0.228,0.056,0.716,2,3.0
481121,0.968,0.01,0.022,0,3.0
482141-1,0.738,0.15,0.112,0,4.0
482141-2,0.666,0.196,0.138,0,4.0
482540,0.01,0.004,0.986,2,1.0
482629-1,0.042,0.028,0.93,2,2.0
482629-2,0.032,0.072,0.896,2,2.0
483476,0.138,0.09,0.772,2,4.0
486138-2,0.228,0.154,0.618,0,1.0
486741,0.052,0.092,0.856,2,0.0
487457,0.672,0.082,0.246,0,2.0
488135,0.112,0.59,0.298,1,0.0
489663-1,0.152,0.2,0.648,2,0.0
490281-1,0.006,0.02,0.974,2,0.0
490281-2,0.064,0.314,0.622,2,0.0
490427,0.01,0.0,0.99,2,1.0
491058,0.756,0.228,0.016,2,3.0
491345,0.884,0.038,0.078,0,2.0
492120,0.738,0.03,0.232,0,1.0
492599,0.064,0.198,0.738,2,3.0
492839-2,0.046,0.38,0.574,2,4.0
493750,0.22,0.518,0.262,0,3.0
493867,0.826,0.048,0.126,0,2.0
494111,0.244,0.036,0.72,2,4.0
494581,0.364,0.476,0.16,1,1.0
495972-1,0.004,0.074,0.922,2,1.0
495972-2,0.038,0.048,0.914,2,1.0
496735,0.322,0.49,0.188,1,2.0
496751-1,0.988,0.004,0.008,0,2.0
498990,0.332,0.11,0.558,2,2.0
499198-1,0.014,0.006,0.98,2,3.0
499198-2,0.25,0.008,0.742,2,3.0
499308,0.52,0.306,0.174,0,1.0
499991,0.048,0.23,0.722,2,1.0
501441-1,0.988,0.006,0.006,0,3.0
501443,0.364,0.548,0.088,0,3.0
503492,0.34,0.45,0.21,1,1.0
503807,0.27,0.366,0.364,1,0.0
506223,0.126,0.364,0.51,2,1.0
506755,0.23,0.666,0.104,0,4.0
510219,0.04,0.086,0.874,0,1.0
511860,0.22,0.574,0.206,1,4.0
514193,0.426,0.348,0.226,1,1.0
515966,0.958,0.006,0.036,0,4.0
520390,0.728,0.102,0.17,1,2.0
520679,0.28,0.182,0.538,2,0.0
521092-2,0.496,0.266,0.238,1,0.0
521834,0.03,0.166,0.804,2,0.0
521912,0.996,0.004,0.0,0,2.0
522063,0.092,0.722,0.186,1,0.0
522500,0.65,0.048,0.302,0,4.0
524981,0.662,0.254,0.084,1,1.0
525132-1,0.378,0.358,0.264,1,1.0
525132-2,0.018,0.16,0.822,2,1.0
525488,0.834,0.148,0.018,0,2.0
531946,0.002,0.006,0.992,2,3.0
541324,0.11,0.078,0.812,0,3.0
542754-1,0.082,0.178,0.74,1,3.0
542754-2,0.104,0.276,0.62,2,3.0
545094,0.902,0.076,0.022,0,1.0
546299,0.806,0.148,0.046,0,3.0
546569-1,0.008,0.002,0.99,2,3.0
546569-2,0.024,0.014,0.962,2,3.0
546670,0.028,0.008,0.964,2,2.0
547665,0.138,0.582,0.28,1,1.0
549165,0.262,0.526,0.212,0,2.0
550193-2,0.33,0.29,0.38,2,1.0
550664-1,0.082,0.152,0.766,2,0.0
550664-2,0.124,0.276,0.6,2,0.0
553931,0.032,0.166,0.802,2,2.0
554185,0.776,0.068,0.156,1,1.0
554970,0.968,0.012,0.02,0,3.0
555612,0.272,0.47,0.258,0,0.0
556823,0.12,0.092,0.788,2,0.0
557961,0.51,0.232,0.258,0,1.0
558024,0.898,0.078,0.024,0,0.0
559196,0.28,0.498,0.222,0,3.0
564124,0.994,0.004,0.002,0,1.0
566049,0.184,0.266,0.55,1,2.0
566810,0.156,0.38,0.464,2,1.0
568151,0.118,0.122,0.76,2,0.0
568644,0.27,0.094,0.636,2,4.0
570200,0.566,0.188,0.246,0,3.0
570214,0.294,0.194,0.512,2,4.0
571774,0.19,0.02,0.79,2,1.0
580101-2,0.752,0.056,0.192,0,2.0
583163,0.968,0.01,0.022,0,0.0
583846,0.098,0.36,0.542,1,4.0
586964,0.006,0.01,0.984,2,2.0
590700,0.976,0.012,0.012,0,1.0
592154,0.012,0.008,0.98,2,0.0
592456-1,0.962,0.008,0.03,0,2.0
592456-2,0.142,0.09,0.768,2,2.0
593120,0.854,0.124,0.022,0,0.0
596370,0.878,0.066,0.056,0,0.0
599317,0.168,0.15,0.682,2,1.0
599335-1,0.05,0.002,0.948,2,3.0
599560-1,0.002,0.058,0.94,2,1.0
599560-2,0.072,0.724,0.204,2,1.0
602410,0.568,0.204,0.228,2,3.0
602769,0.084,0.036,0.88,2,1.0
602845,0.21,0.686,0.104,0,3.0
603514,0.044,0.458,0.498,0,0.0
604796,0.074,0.576,0.35,2,1.0
608216,0.466,0.238,0.296,1,4.0
610359,0.278,0.328,0.394,0,3.0
611485-1,0.15,0.184,0.666,2,4.0
611485-2,0.028,0.03,0.942,2,4.0
615122,0.252,0.386,0.362,1,3.0
618720,0.936,0.034,0.03,0,1.0
618920,0.064,0.122,0.814,2,0.0
619807-1,0.216,0.232,0.552,2,3.0
619807-2,0.196,0.28,0.524,0,3.0
622744,0.048,0.294,0.658,1,0.0
622869,0.522,0.154,0.324,0,4.0
626414,0.102,0.446,0.452,0,0.0
627436,0.014,0.014,0.972,2,2.0
633084,0.006,0.002,0.992,2,3.0
639877,0.018,0.958,0.024,1,4.0
640070,0.018,0.006,0.976,2,4.0
640440-1,0.998,0.0,0.002,0,2.0
640440-2,0.916,0.026,0.058,0,2.0
642345-1,0.886,0.014,0.1,0,4.0
642570,0.42,0.242,0.338,2,0.0
643602,0.008,0.004,0.988,2,2.0
643765,0.9,0.042,0.058,0,1.0
645386,0.06,0.038,0.902,2,2.0
646146,0.044,0.14,0.816,2,1.0
652218,0.074,0.364,0.562,2,4.0
652632,0.098,0.336,0.566,2,0.0
653604,0.078,0.476,0.446,2,3.0
657863,0.406,0.526,0.068,1,1.0
658659,0.198,0.778,0.024,1,0.0
661753,0.922,0.034,0.044,0,0.0
662771-1,0.428,0.092,0.48,2,4.0
662771-2,0.206,0.202,0.592,2,4.0
662985,0.428,0.332,0.24,2,3.0
663974,0.43,0.278,0.292,1,2.0
664088,0.188,0.134,0.678,2,4.0
665087-1,0.204,0.128,0.668,1,3.0
665087-2,0.504,0.252,0.244,0,3.0
666045,0.94,0.034,0.026,0,4.0
666563,0.832,0.104,0.064,0,3.0
667443,0.03,0.038,0.932,2,3.0
667823,0.64,0.188,0.172,0,2.0
668403-1,0.246,0.242,0.512,1,2.0
668403-2,0.116,0.152,0.732,0,2.0
672910-1,0.986,0.01,0.004,0,3.0
672910-2,0.684,0.194,0.122,2,3.0
673151,0.956,0.03,0.014,0,3.0
676277,0.038,0.016,0.946,2,3.0
676708-1,0.408,0.094,0.498,2,0.0
676708-2,0.0,0.004,0.996,2,0.0
678133,0.882,0.064,0.054,0,1.0
679218,0.6,0.284,0.116,1,1.0
680443,0.104,0.096,0.8,2,3.0
680882,0.312,0.14,0.548,2,4.0
685842,0.004,0.002,0.994,2,1.0
686840,0.166,0.362,0.472,0,0.0
688070-1,0.052,0.136,0.812,2,3.0
691272,0.004,0.002,0.994,2,2.0
692561,0.644,0.102,0.254,0,2.0
693169,0.956,0.036,0.008,0,0.0
697339,0.114,0.19,0.696,1,3.0
698154,0.098,0.734,0.168,2,0.0
699110,0.478,0.292,0.23,0,1.0
700800,0.006,0.0,0.994,2,2.0
701462,0.92,0.032,0.048,0,3.0
703576,0.646,0.068,0.286,0,1.0
703697,0.436,0.302,0.262,0,3.0
713600,0.108,0.076,0.816,2,3.0
716389,0.04,0.424,0.536,1,0.0
717314,0.028,0.128,0.844,2,2.0
720593,0.794,0.14,0.066,2,3.0
724056,0.038,0.074,0.888,2,2.0
724969,0.096,0.86,0.044,0,0.0
725823,0.038,0.094,0.868,2,2.0
727330,0.96,0.036,0.004,0,4.0
729980-1,0.058,0.042,0.9,2,2.0
729980-2,0.002,0.002,0.996,2,2.0
730538,0.874,0.086,0.04,0,0.0
732460,0.468,0.214,0.318,2,3.0
733567,0.932,0.052,0.016,0,3.0
734109,0.958,0.006,0.036,0,1.0
737207,0.968,0.014,0.018,0,2.0
737229-1,0.028,0.038,0.934,2,4.0
737229-2,0.058,0.05,0.892,2,4.0
737569,0.654,0.25,0.096,1,3.0
737721,0.876,0.03,0.094,0,2.0
740941,0.932,0.044,0.024,0,3.0
742067-1,0.11,0.288,0.602,2,3.0
742067-2,0.102,0.778,0.12,2,3.0
745192-1,0.976,0.008,0.016,0,1.0
749176,0.374,0.572,0.054,1,0.0
752609-1,0.468,0.426,0.106,0,0.0
752609-2,0.594,0.136,0.27,0,0.0
753457,0.994,0.0,0.006,0,2.0
759039,0.39,0.152,0.458,0,1.0
759437,0.094,0.22,0.686,2,0.0
761124,0.698,0.196,0.106,0,2.0
763152,0.08,0.134,0.786,2,1.0
764181,0.33,0.126,0.544,2,4.0
767296,0.318,0.558,0.124,0,4.0
768250,0.952,0.044,0.004,0,0.0
770383,0.05,0.516,0.434,1,3.0
771394,0.232,0.43,0.338,0,3.0
772561,0.796,0.12,0.084,0,0.0
773004-2,0.1,0.474,0.426,2,1.0
773387,0.202,0.666,0.132,0,3.0
773888,0.076,0.654,0.27,1,0.0
774309-1,0.92,0.032,0.048,0,1.0
776722,0.84,0.044,0.116,0,3.0
777041,0.472,0.278,0.25,1,2.0
777302,0.014,0.008,0.978,2,3.0
781478-1,0.812,0.104,0.084,0,4.0
781478-2,0.096,0.568,0.336,2,4.0
781773,0.744,0.192,0.064,0,3.0
782005,0.022,0.006,0.972,2,1.0
782679,0.174,0.512,0.314,2,3.0
783370,0.966,0.01,0.024,0,3.0
783798,0.906,0.054,0.04,0,1.0
786363,0.398,0.448,0.154,0,4.0
787884,0.97,0.012,0.018,0,4.0
789479,0.86,0.096,0.044,0,1.0
791762,0.448,0.406,0.146,1,0.0
792025,0.046,0.15,0.804,2,0.0
792537,0.12,0.828,0.052,2,4.0
792735-1,0.156,0.164,0.68,2,0.0
792992,0.06,0.338,0.602,1,3.0
795437,0.116,0.53,0.354,1,2.0
796338,0.166,0.492,0.342,1,0.0
797778,0.982,0.006,0.012,0,0.0
798215,0.62,0.242,0.138,0,0.0
798792,0.416,0.31,0.274,0,1.0
799203,0.982,0.01,0.008,0,0.0
799417,0.436,0.502,0.062,0,3.0
799469,0.844,0.05,0.106,0,0.0
800199-1,0.142,0.372,0.486,0,1.0
800199-2,0.646,0.176,0.178,0,1.0
800231,1.0,0.0,0.0,0,2.0
801527,0.03,0.0,0.97,2,0.0
806056,0.564,0.194,0.242,0,1.0
806289-1,0.018,0.01,0.972,2,3.0
809379,0.112,0.08,0.808,2,4.0
810151,0.408,0.536,0.056,0,0.0
810872,1.0,0.0,0.0,0,2.0
811138,0.074,0.296,0.63,2,3.0
811923,0.756,0.092,0.152,0,4.0
812674,0.18,0.514,0.306,0,2.0
813888,0.56,0.096,0.344,0,2.0
816528,0.98,0.01,0.01,1,2.0
818283,0.138,0.524,0.338,1,3.0
818680,0.924,0.058,0.018,0,3.0
820041,0.344,0.392,0.264,2,0.0
821756,0.186,0.064,0.75,1,3.0
822142,0.338,0.37,0.292,1,2.0
822586,0.002,0.002,0.996,2,1.0
823353,0.07,0.152,0.778,2,0.0
826016,0.96,0.032,0.008,0,3.0
827832,0.972,0.022,0.006,0,1.0
829166,0.074,0.894,0.032,0,2.0
829179-1,0.432,0.222,0.346,2,2.0
829179-2,0.136,0.18,0.684,2,2.0
829648-2,0.916,0.02,0.064,0,2.0
830638,0.15,0.12,0.73,2,3.0
832207,0.444,0.164,0.392,0,0.0
840562,0.124,0.19,0.686,2,2.0
842825,0.022,0.044,0.934,2,2.0
842886,0.062,0.406,0.532,2,3.0
845665,0.12,0.02,0.86,2,4.0
847226,0.008,0.014,0.978,2,2.0
848467,0.136,0.51,0.354,2,0.0
849969-1,0.826,0.098,0.076,0,1.0
849969-2,0.084,0.084,0.832,2,1.0
853282-1,0.846,0.01,0.144,0,4.0
853282-2,0.954,0.038,0.008,0,4.0
856413,0.874,0.094,0.032,0,4.0
856731,0.012,0.058,0.93,2,1.0
858009,0.7,0.258,0.042,0,4.0
859222,0.804,0.05,0.146,0,4.0
868711,0.916,0.026,0.058,0,0.0
869165,0.154,0.478,0.368,2,2.0
882294,0.354,0.068,0.578,1,4.0
890358-2,0.126,0.016,0.858,2,4.0
890487-1,0.676,0.066,0.258,0,4.0
890487-2,0.4,0.324,0.276,1,4.0
891668,0.04,0.15,0.81,2,1.0
891780,0.086,0.142,0.772,2,4.0
893202,0.934,0.038,0.028,0,1.0
893535,0.268,0.204,0.528,2,3.0
893623,0.052,0.08,0.868,2,0.0
895129,0.252,0.164,0.584,2,4.0
897727,0.26,0.104,0.636,2,0.0
899179,0.038,0.832,0.13,2,1.0
901475,0.104,0.188,0.708,2,3.0
903532,0.632,0.256,0.112,1,3.0
903854,0.996,0.004,0.0,0,2.0
904064,0.054,0.026,0.92,2,1.0
912470,0.248,0.374,0.378,2,4.0
914228,0.624,0.216,0.16,2,2.0
915899-1,0.31,0.212,0.478,1,2.0
915899-2,0.278,0.372,0.35,2,2.0
921935,0.35,0.492,0.158,2,3.0
922318,0.952,0.02,0.028,0,4.0
923150-2,0.09,0.376,0.534,2,3.0
923203,0.06,0.026,0.914,2,4.0
925911,0.068,0.052,0.88,2,2.0
926062,0.106,0.164,0.73,1,0.0
926904,0.09,0.34,0.57,2,2.0
929841,0.91,0.052,0.038,0,2.0
934675-1,0.136,0.288,0.576,2,0.0
934675-2,0.21,0.346,0.444,1,0.0
935832,0.328,0.434,0.238,1,2.0
937524,0.944,0.038,0.018,2,0.0
941592,0.022,0.016,0.962,2,1.0
941688,0.26,0.214,0.526,2,1.0
943709,0.468,0.184,0.348,2,1.0
945330,0.376,0.508,0.116,1,3.0
945487,0.622,0.28,0.098,1,4.0
945864,0.138,0.536,0.326,1,1.0
946088,0.89,0.074,0.036,0,3.0
946572,0.572,0.052,0.376,2,4.0
947120-1,0.108,0.054,0.838,2,2.0
948045,0.0,0.002,0.998,2,3.0
948636,0.162,0.128,0.71,0,1.0
951955,0.208,0.676,0.116,0,0.0
952660,0.268,0.546,0.186,0,4.0
952991,0.762,0.138,0.1,0,0.0
957404-1,0.224,0.138,0.638,2,1.0
957404-2,0.068,0.064,0.868,2,1.0
958283,0.936,0.012,0.052,0,1.0
959489,0.012,0.006,0.982,2,1.0
959494,0.202,0.618,0.18,2,3.0
960456,0.1,0.17,0.73,1,3.0
960593-1,0.074,0.282,0.644,2,2.0
960593-2,0.232,0.446,0.322,2,2.0
961180,0.836,0.02,0.144,0,4.0
961518,0.792,0.172,0.036,0,0.0
961804,0.316,0.052,0.632,1,4.0
964312,0.106,0.19,0.704,2,0.0
965294,0.176,0.602,0.222,1,3.0
966121,0.54,0.296,0.164,2,3.0
966571,0.096,0.036,0.868,2,4.0
967165,0.08,0.588,0.332,0,3.0
967977,0.034,0.028,0.938,2,3.0
968905,0.368,0.538,0.094,0,4.0
973128,0.962,0.026,0.012,0,0.0
974020,0.1,0.026,0.874,2,4.0
976725-1,0.034,0.254,0.712,2,4.0
976725-2,0.146,0.368,0.486,2,4.0
977302-1,0.026,0.098,0.876,2,4.0
978518-1,0.094,0.066,0.84,2,3.0
978518-2,0.08,0.046,0.874,2,3.0
978853-1,0.148,0.024,0.828,2,0.0
978853-2,0.014,0.018,0.968,2,0.0
979143,0.302,0.13,0.568,2,4.0
979545,0.924,0.03,0.046,0,1.0
980090,0.026,0.364,0.61,0,2.0
980971,0.076,0.17,0.754,2,4.0
982040,0.2,0.094,0.706,2,1.0
983171,0.018,0.01,0.972,2,3.0
983612,0.156,0.4,0.444,2,1.0
985442,0.976,0.01,0.014,0,4.0
988660,0.01,0.01,0.98,2,3.0
992692,0.498,0.214,0.288,0,1.0
994419,0.036,0.104,0.86,1,1.0
996080,0.972,0.006,0.022,0,1.0
996518,0.278,0.25,0.472,0,3.0
997326,0.26,0.594,0.146,2,4.0
999080-1,0.034,0.122,0.844,2,3.0
999080-2,0.004,0.006,0.99,2,3.0
999620,0.266,0.244,0.49,0,2.0
