seqnames,start,end,width,strand,no.cpgs,min_smoothed_fdr,Stouffer,HMFDR,Fisher,maxdiff,meandiff,overlapping.genes,contrast,selected_cpgs
chr6,29520698,29521781,1084,*,28,0,0,1.36688708853245e-110,0,0.238981599329873,0.156904367038129,OR2I1P,IM_vs_NV,chr6-29553360; chr6-29553367; chr6-29553494; chr6-29553578; chr6-29553642; chr6-29553710; chr6-29553721; chr6-29553824; chr6-29553846; chr6-29553853
chr10,101279697,101285439,5743,*,24,0,0,3.55513671749854e-126,0,0.260732517704472,0.124918988592469,,IM_vs_NV,chr10-99521945; chr10-99522427; chr10-99522968
chr6,30094980,30095802,823,*,22,0,0,1.3924995798937e-87,0,0.19788221937997,0.13055539631344,,IM_vs_NV,chr6-30127480; chr6-30127487
chr8,95651099,95655439,4341,*,17,0,0,4.04266685573825e-108,0,0.218116501703761,0.114029233436835,"RP11-22C11.2, ESRP1",IM_vs_NV,chr8-94638870; chr8-94640010
chr2,176947228,176950736,3509,*,16,0,0,5.97308401196832e-96,0,0.222178797949743,0.106443126550924,EVX2,IM_vs_NV,chr2-176085278
chr11,31839314,31841980,2667,*,15,0,0,2.72931304283714e-117,0,0.238206828591138,0.120139153521352,"PAX6, RCN1",IM_vs_NV,chr11-31817972; chr11-31818079; chr11-31818083; chr11-31818241
chr1,25290947,25292412,1466,*,13,0,0,2.2421615266834e-103,0,-0.196187089666609,-0.121743463336369,RUNX3,IM_vs_NV,chr1-24965048; chr1-24965054
chr6,31650735,31651676,942,*,13,0,0,2.41025172831678e-102,0,0.304130446038153,0.148477562209799,LY6G5C,IM_vs_NV,chr6-31683152; chr6-31683251
chr1,47897576,47900327,2752,*,12,0,0,2.40758827949864e-122,0,0.252153789792217,0.112789768699113,FOXD2-AS1,IM_vs_NV,chr1-47434583; chr1-47434592; chr1-47434654
chr5,87987991,87991388,3398,*,12,0,0,3.3826132708299e-94,0,0.190250322807731,0.116593509593097,"CTC-467M3.1, CTC-467M3.3, CTC-467M3.2",IM_vs_NV,chr5-88694264
chr6,24356007,24358308,2302,*,12,0,0,1.17452916326204e-79,0,0.166826688494745,0.106796771073702,"DCDC2, KAAG1",IM_vs_NV,chr6-24358007; chr6-24358069
chr8,49647579,49648519,941,*,12,0,0,2.2441831582209e-77,0,0.190972998388463,0.102771106517355,EFCAB1,IM_vs_NV,chr8-48735143; chr8-48735157
chr9,34651062,34655256,4195,*,12,0,0,9.04090150160754e-121,0,0.220247737785657,0.12950888900174,"GALT, IL11RA",IM_vs_NV,chr9-34651964
chr9,100068361,100070423,2063,*,12,0,0,1.05659925081207e-89,0,0.250535119644504,0.104488056527927,"CCDC180, RP11-23J9.4",IM_vs_NV,chr9-97307724
chr12,112203795,112205368,1574,*,12,0,0,1.37505129680148e-78,0,0.180332104525466,0.100396553597091,"RP11-162P23.2, ALDH2",IM_vs_NV,chr12-111766799
chr3,157819282,157822072,2791,*,11,0,0,2.91502491690489e-82,0,0.202203446548441,0.110476868312414,SHOX2,IM_vs_NV,chr3-158104129
chr10,63421358,63423079,1722,*,11,0,0,1.09290593559838e-106,0,0.214041938512125,0.108195539988692,C10orf107,IM_vs_NV,chr10-61662881
chr14,61107344,61111558,4215,*,11,0,0,7.23330628841097e-87,0,0.21869974897902,0.13271617401291,"RP11-1042B17.5, SIX1",IM_vs_NV,chr14-60641508; chr14-60642488; chr14-60642826; chr14-60643283
chr1,2977861,2980937,3077,*,10,0,0,1.74119472259162e-84,0,0.209743462881263,0.11127440873968,"LINC00982, AL008733.1",IM_vs_NV,chr1-3063598
chr1,103573772,103575172,1401,*,10,0,0,1.13053310473104e-114,0,0.232704812620196,0.120357035871412,COL11A1,IM_vs_NV,chr1-103108540; chr1-103108966
chr2,176931003,176934369,3367,*,10,0,0,2.68269031652363e-78,0,0.182611365431242,0.103441418239783,,IM_vs_NV,chr2-176067729
chr8,70404049,70405204,1156,*,10,0,0,2.60314355105397e-87,0,0.189880198166179,0.111304577079617,SULF1,IM_vs_NV,chr8-69492610; chr8-69492968
chr8,120684337,120686985,2649,*,10,0,0,8.61216621809544e-97,0,0.215836982589616,0.116263693744026,ENPP2,IM_vs_NV,chr8-119672942; chr8-119673076
chr15,53074424,53077010,2587,*,10,0,0,6.25179237066582e-88,0,0.263270128428702,0.120030706606406,ONECUT1,IM_vs_NV,chr15-52783223
chr7,53102694,53104336,1643,*,9,0,0,3.04642849476528e-101,0,-0.239116552207776,-0.132699245745198,POM121L12,IM_vs_NV,chr7-53035616
chr7,150210980,150213085,2106,*,9,0,0,1.24141068683897e-116,0,-0.246808202343753,-0.155551145572254,GIMAP7,IM_vs_NV,chr7-150515618; chr7-150515996
chr7,155895608,155898435,2828,*,9,0,0,3.02986122864905e-87,0,-0.153145540861197,-0.111242739158441,,IM_vs_NV,chr7-156104741
chr7,156795156,156797242,2087,*,9,0,0,1.24456940635606e-100,0,0.212715328905994,0.166969742262111,MNX1,IM_vs_NV,chr7-157004234
chr1,234667087,234668366,1280,*,8,0,0,1.89251278079997e-109,0,0.264003011763354,0.139378940811921,RP5-855F14.1,IM_vs_NV,chr1-234531770; chr1-234531802
chr2,176936091,176937971,1881,*,8,0,0,1.75482313687941e-73,0,0.202387255717503,0.127718558278923,,IM_vs_NV,chr2-176071668; chr2-176071852; chr2-176073242
chr5,72739616,72740748,1133,*,8,0,0,8.19042664319794e-101,0,0.246806996954495,0.153393335432275,FOXD1,IM_vs_NV,chr5-73444326; chr5-73444632; chr5-73444909
chr7,158324288,158326157,1870,*,8,0,0,2.91982122573622e-73,0,-0.14798476164852,-0.100741415622112,"PTPRN2, MIR595",IM_vs_NV,chr7-158533464
chr9,116326021,116327278,1258,*,8,0,0,1.61639561284056e-100,0,0.225062781471237,0.12530397694825,RGS3,IM_vs_NV,chr9-113564929
chr17,79392689,79394569,1881,*,8,0,2.86037529655406e-306,1.76190692135438e-99,0,0.215757322025878,0.108634512856484,RP11-1055B8.7,IM_vs_NV,chr17-81419662; chr17-81419881
chr18,74799250,74801026,1777,*,8,0,0,2.55043336050046e-98,0,0.241164441712361,0.120046355874405,MBP,IM_vs_NV,chr18-77087615
chr19,13112283,13113893,1611,*,8,0,0,5.03753667160388e-98,0,0.193526196098388,0.154278168312581,NFIX,IM_vs_NV,chr19-13001547; chr19-13002667
chr20,58629939,58631038,1100,*,8,0,0,1.05992406788703e-97,0,-0.196448993656157,-0.111361575311175,C20orf197,IM_vs_NV,chr20-60055723
chr1,169429698,169430464,767,*,7,0,1.12354181198439e-306,1.76178001445713e-103,0,0.186016049018392,0.100011998481515,CCDC181,IM_vs_NV,chr1-169460459
chr2,176968052,176969612,1561,*,7,0,0,4.31551041828997e-91,0,0.171564306516,0.119576095969487,HOXD11,IM_vs_NV,chr2-176104883
chr3,170746012,170746586,575,*,7,0,3.12653522653215e-274,2.56214482193857e-79,1.13099121938565e-301,0.235175651690312,0.128978255990086,,IM_vs_NV,chr3-171028475
chr5,77267915,77269342,1428,*,7,0,1.70246184497516e-299,6.40547287671508e-84,0,0.229329952962124,0.114491349188844,,IM_vs_NV,chr5-77972627
chr7,55605399,55606405,1007,*,7,0,0,9.77637843964664e-112,0,-0.211742877513942,-0.116085710075992,VOPP1,IM_vs_NV,chr7-55538647
chr7,158220708,158221401,694,*,7,0,0,4.1252918423169e-97,0,-0.251792627504433,-0.119747139176206,PTPRN2,IM_vs_NV,chr7-158428677
chr7,158282601,158284889,2289,*,7,0,0,1.82131323442651e-91,0,-0.183239573431646,-0.127623364013867,PTPRN2,IM_vs_NV,chr7-158490529
chr8,96084821,96085994,1174,*,7,0,0,4.04167318925307e-99,0,0.197497306478656,0.117438860262195,"NDUFAF6, MIR3150A, RP11-320N21.2",IM_vs_NV,chr8-95073156; chr8-95073460
chr10,134221503,134222581,1079,*,7,0,0,4.27154377166698e-101,0,0.202658776580135,0.13232889616613,PWWP2B,IM_vs_NV,chr10-132408128
chr19,6475456,6477198,1743,*,7,0,0,9.19997098471373e-88,0,0.221973329905251,0.140454054585738,DENND1C,IM_vs_NV,chr19-6477021
chr2,916900,917577,678,*,6,0,0,1.07628819462356e-96,0,-0.197717187793298,-0.129379134351124,,IM_vs_NV,chr2-921285
chr4,160148562,160150415,1854,*,6,0,0,1.58885105703425e-93,0,0.212797362108639,0.136249303419817,RAPGEF2,IM_vs_NV,chr4-159228451
chr7,50357825,50358935,1111,*,6,0,0,9.06543879575392e-109,0,-0.19451500783332,-0.138572709024279,IKZF1,IM_vs_NV,chr7-50318228
chr8,144576604,144578188,1585,*,6,0,0,1.69834308558716e-99,0,0.239331982001726,0.127855924376878,ZC3H3,IM_vs_NV,chr8-143495067
chr19,1151226,1152358,1133,*,6,0,1.20828980050418e-308,2.95410365607599e-79,1.11253692925368e-308,0.169787219232544,0.115427038274907,SBNO2,IM_vs_NV,chr19-1152358
chr19,46031516,46033285,1770,*,6,0,0,3.31973844846524e-93,0,0.186329810232142,0.131727234109391,OPA3,IM_vs_NV,chr19-45529172
chr4,7651797,7652806,1010,*,5,0,1.11253692926243e-308,4.59791205289188e-112,0,-0.257419704125951,-0.118504894242238,SORCS2,IM_vs_NV,chr4-7650069; chr4-7650207
chr4,13525966,13527710,1745,*,5,0,4.40631768790551e-240,1.47712076399312e-104,1.21688514099493e-304,0.211468971607563,0.103769691549468,,IM_vs_NV,chr4-13525144
chr5,77253378,77253990,613,*,5,0,1.11253697847886e-308,5.58080800784283e-103,0,0.245494454320381,0.156969054481608,,IM_vs_NV,chr5-77958149; chr5-77958165
chr7,810958,811786,829,*,5,0,1.66657795269761e-226,1.08838114822987e-94,2.0012573633535e-264,0.249465122035477,0.119958664401001,HEATR2,IM_vs_NV,chr7-771470
chr9,124981504,124982413,910,*,5,0,1.11279426266138e-308,2.8239076004411e-78,1.13535408442294e-308,0.177081101024748,0.12469581992433,LHX6,IM_vs_NV,chr9-122220133
chr1,169677313,169677921,609,*,4,0,0,7.71188662965097e-106,0,-0.202254321130189,-0.167553075477709,"C1orf112, SELL",IM_vs_NV,chr1-169708779
chr5,156476308,156477270,963,*,4,0,1.7983327967555e-153,2.43910607858526e-117,3.90411685181936e-227,-0.220865440918258,-0.114585620275079,HAVCR1,IM_vs_NV,chr5-157050225; chr5-157050258
chr7,50348174,50348870,697,*,4,0,0,3.38415641204599e-107,0,-0.207448954886784,-0.17702287363137,IKZF1,IM_vs_NV,chr7-50308577
chr8,67454183,67454892,710,*,4,0,4.5687678594266e-246,2.1052985544258e-108,1.81604216030387e-272,0.199305718618219,0.12808011388029,,IM_vs_NV,chr8-66542431
chr4,1027885,1028067,183,*,3,0,1.34930093577251e-285,2.5789898378961e-108,5.84158081682007e-285,0.25444861816568,0.191408395643622,,IM_vs_NV,chr4-1034096; chr4-1034178
chr12,112074044,112074158,115,*,3,0,0,2.91557859329258e-114,0,0.236326364256759,0.221665953752205,,IM_vs_NV,chr12-111636239; chr12-111636281; chr12-111636353
chr15,58782685,58782981,297,*,3,0,1.16212595579354e-290,3.25120717176268e-107,3.57021520477542e-289,0.185471973736675,0.178276686186021,"ALDH1A2, LIPC, RP11-355N15.1",IM_vs_NV,chr15-58490488
chr1,38460950,38462546,1597,*,5,1.11253692925362e-308,3.20524579624386e-211,2.03838557366668e-79,2.71958801425504e-249,0.180060853025453,0.114888231333772,FHL3,IM_vs_NV,chr1-37996014
chr3,160120464,160122503,2040,*,7,1.11253692925373e-308,1.2626288294155e-308,9.60593995143139e-86,0,-0.177829681245327,-0.101556121937186,"RP11-432B6.3, SMC4, MIR15B",IM_vs_NV,chr3-160403486
chr5,72732060,72733052,993,*,5,1.11253692925373e-308,2.75798779612063e-241,7.13066659182869e-96,9.95753976388399e-256,0.194761763702738,0.105368014944965,,IM_vs_NV,chr5-73436658
chr7,50346997,50347081,85,*,3,1.11253692926048e-308,3.61298264654567e-233,2.61393506368332e-91,2.91972386397935e-232,-0.213276201965743,-0.191606474661943,IKZF1,IM_vs_NV,chr7-50307471
chr4,140770015,140770596,582,*,3,1.16176377789368e-305,6.2132297761781e-173,7.19545024919008e-108,2.90634880487945e-215,0.217782021101498,0.133480010995856,MAML3,IM_vs_NV,chr4-139849421
chr7,55601226,55603306,2081,*,4,4.20161787777802e-305,0,1.85751081884841e-109,0,-0.238254253408118,-0.173728594975825,VOPP1,IM_vs_NV,chr7-55534678
chr4,154143948,154144462,515,*,3,7.49169676749862e-304,4.04803613048035e-251,4.03213276778206e-86,2.74531387679891e-249,0.189372768246361,0.161844270966303,TRIM2,IM_vs_NV,chr4-153223133; chr4-153223309
chr5,42953543,42953590,48,*,2,7.6955730771316e-299,2.50064910399798e-221,2.99792904158781e-112,1.97479147064208e-220,0.230142294900517,0.223205521733623,,IM_vs_NV,chr5-42953440; chr5-42953487
chr19,55449439,55449446,8,*,2,9.7949908480414e-294,7.60945543676212e-215,1.54097876971345e-113,3.53402536952281e-214,-0.231073809228678,-0.22586471304026,NLRP7,IM_vs_NV,chr19-54938077
chr14,75765352,75766014,663,*,4,1.55262300277655e-291,6.11097561133257e-166,2.0883911240984e-100,3.09332339801951e-201,0.213193793686826,0.102343165377818,,IM_vs_NV,chr14-75298745
chr7,150129357,150131512,2156,*,5,1.46897091959627e-286,2.64653267437779e-307,2.08980486068393e-109,1.11253698254336e-308,-0.209226877892017,-0.106016811146219,LINC00996,IM_vs_NV,chr7-150433619
chr10,129979348,129979375,28,*,2,3.56716259579702e-284,3.62622750599088e-207,1.30394285260842e-115,4.2217376541922e-207,-0.199464858601289,-0.197277228472589,,IM_vs_NV,chr10-128181110
chr7,100091181,100091793,613,*,6,8.60897475834695e-275,4.97755451246497e-235,3.26057700636956e-54,1.83790369335467e-241,0.161228581693266,0.106777672616098,NYAP1,IM_vs_NV,chr7-100493740
chr1,224363449,224363575,127,*,2,4.50505988551408e-269,4.91219265081992e-210,4.22526598917133e-107,3.73004048726391e-209,0.271699054945933,0.235168941721006,DEGS1,IM_vs_NV,chr1-224175746
chr15,96472677,96472718,42,*,2,2.66411785437871e-267,3.25437605805787e-207,3.63745640995047e-116,3.17886558842395e-207,-0.215602722298433,-0.199729629566644,,IM_vs_NV,chr15-95929488
chr2,65085243,65085764,522,*,3,3.5981291855687e-262,1.50505623782617e-192,4.07706693702711e-108,4.18888219537176e-201,0.239231398797207,0.159274887935923,AC007880.1,IM_vs_NV,chr2-64858108
chr10,48481599,48482113,515,*,2,1.4126989024132e-258,8.25495685663775e-179,3.64247517189213e-130,1.46954716735021e-186,-0.224826488687689,-0.160991420097641,,IM_vs_NV,chr10-47257761
chr8,81639711,81639869,159,*,2,3.28377460058559e-251,1.95352826650354e-196,1.50250142127771e-111,1.48971503489969e-196,0.207132858271298,0.205026709214316,ZNF704,IM_vs_NV,chr8-80727633
chr4,715865,716282,418,*,4,1.06699250158587e-250,3.50781252635483e-172,8.00501871929899e-72,3.98138477349124e-201,0.172107955905012,0.105236143257847,"PCGF3, RP11-1191J2.4",IM_vs_NV,chr4-722075
chr7,157655436,157656367,932,*,4,3.26362978417608e-245,6.77214477000943e-216,1.59895288601048e-78,2.02807264987836e-217,-0.203333697147138,-0.140026885653785,"PTPRN2, AC011899.9",IM_vs_NV,chr7-157862743
chr1,27916108,27916318,211,*,2,2.84626697533623e-234,1.81893571045222e-187,1.09710003680585e-97,1.16127998330385e-186,0.200720667818777,0.132600476496516,AHDC1,IM_vs_NV,chr1-27589806
chr1,208131213,208132787,1575,*,5,8.63553327803026e-234,5.08641122404038e-179,2.60791473221746e-72,7.01395904539597e-205,0.229843857798845,0.120986679612841,,IM_vs_NV,chr1-207959441
chr5,76928628,76928810,183,*,2,9.90891049115614e-231,1.43381625589345e-183,7.55698611652759e-104,1.58131690022425e-183,0.220508005693838,0.172771083164071,OTP,IM_vs_NV,chr5-77632984
chr8,5909880,5910061,182,*,3,5.07573771195404e-230,4.50666127931489e-191,7.94718945840882e-87,1.67365655374134e-193,-0.194374339031008,-0.132567743497517,RP11-124B13.1,IM_vs_NV,chr8-6052422
chr2,2119533,2119853,321,*,2,4.59915503770357e-225,3.02363330132058e-179,2.67078437423828e-102,2.67575935989728e-179,-0.175906615578067,-0.148887610822119,MYT1L,IM_vs_NV,chr2-2115760
chr14,89651548,89652402,855,*,2,1.59948715948292e-222,5.67890743549384e-181,1.94083276188897e-125,1.41648213020004e-186,0.22205741552958,0.167290906733616,FOXN3,IM_vs_NV,chr14-89185203
chr17,63070811,63071046,236,*,2,1.74484238687401e-217,1.95306905000055e-170,1.44108441013609e-106,3.58346556163796e-172,0.201141332026002,0.157537239768962,,IM_vs_NV,chr17-65074927
chr19,52327441,52328110,670,*,2,1.4152652782426e-216,2.62093528730131e-161,3.71495270684828e-116,1.67294410710577e-167,-0.21411763759486,-0.161118079088498,FPR3,IM_vs_NV,chr19-51824856
chr7,150435779,150437232,1454,*,3,7.48199826895531e-216,6.60924438757725e-258,2.842750237566e-101,6.75253876274601e-258,-0.210026339528217,-0.184448151022976,GIMAP5,IM_vs_NV,chr7-150738690; chr7-150740143
chr7,155989369,155989395,27,*,2,2.81361651014252e-214,5.23685719878906e-169,1.34368148185663e-107,3.53133593878736e-171,-0.184488369141778,-0.173429274122341,,IM_vs_NV,chr7-156196674
chr2,45405210,45405216,7,*,2,3.02159091220258e-214,8.53639767529431e-173,5.40886975349938e-90,5.57799868629886e-172,-0.214861866579229,-0.211383738091683,LINC01121,IM_vs_NV,chr2-45178076
chr19,29898548,29899072,525,*,2,2.24320502992336e-213,1.69102311836752e-174,4.41242549569014e-101,9.79915640978226e-175,-0.198665987540625,-0.159710682814521,CTC-525D6.1,IM_vs_NV,chr19-29407640
chr1,169281590,169281716,127,*,2,3.03837181307657e-213,8.37885464976713e-171,3.26018249282295e-102,1.41643488782863e-171,-0.194510154529467,-0.179348603290735,"NME7, RP4-800F24.1",IM_vs_NV,chr1-169312477
chr14,91011605,91012362,758,*,2,6.45288563953948e-213,1.83582116369891e-193,2.65094214267394e-110,1.2754877234413e-193,0.205142383672213,0.170614134404861,TTC7B,IM_vs_NV,chr14-90546017
chr8,20809678,20810608,931,*,4,7.4535825746652e-209,4.10235666914878e-200,1.46838043005363e-73,1.41713122237158e-203,-0.188309285548104,-0.122641363665017,RP11-369E15.3,IM_vs_NV,chr8-20953096
chr9,136445379,136445943,565,*,3,2.51782778064786e-206,1.22853970680709e-134,2.43221762430716e-96,1.12270405220994e-156,-0.209485694329454,-0.101404624506176,FAM163B,IM_vs_NV,chr9-133580256
chr16,79897435,79897930,496,*,2,2.89738750313067e-205,8.76907139552733e-140,1.34300328844597e-113,3.47633859614975e-150,-0.193861830607822,-0.116976671957778,,IM_vs_NV,chr16-79864032
chr21,43705995,43706240,246,*,2,1.07449953848564e-204,4.14560052100452e-150,4.28478500188038e-113,1.3536137944528e-157,-0.208095620027389,-0.124993201441063,ABCG1,IM_vs_NV,chr21-42286129
chr7,157967926,157968683,758,*,3,4.82714803658526e-204,1.02839924179332e-194,6.19926093122299e-82,1.26553146487454e-195,-0.163980316865388,-0.146866641429208,PTPRN2,IM_vs_NV,chr7-158175233
chr7,37392880,37394706,1827,*,7,4.68916394141296e-202,1.11254139583207e-308,2.81830967942334e-72,1.11253702864188e-308,-0.152277923038064,-0.100693368279761,ELMO1,IM_vs_NV,chr7-37354955
chr8,35647941,35648588,648,*,2,2.37317618317679e-200,5.62525310321741e-172,5.42787085915576e-101,2.0507439103283e-172,-0.192330052859122,-0.17678461134069,UNC5D,IM_vs_NV,chr8-35790422
chr3,119014825,119015466,642,*,2,8.78889688231696e-196,6.7316633737475e-116,2.91557859329258e-114,5.78964541059655e-135,0.213097426171536,0.147518716931317,ARHGAP31,IM_vs_NV,chr3-119296618
chr11,47376754,47376985,232,*,2,4.23720627622233e-194,1.21688350644119e-153,1.76759805030091e-84,3.93048482689574e-153,0.168228510480771,0.14316735859553,SPI1,IM_vs_NV,chr11-47355202
chr17,79038153,79038712,560,*,2,7.79910604211133e-192,1.24333491020522e-159,1.62086520342369e-95,2.99883481499423e-160,0.26481884379798,0.165544611098137,BAIAP2,IM_vs_NV,chr17-81064911
chr5,10973173,10973693,521,*,3,2.54415093478426e-191,4.10995475952893e-165,4.6996852896104e-64,8.05314961185235e-165,-0.154809126534916,-0.100691078677492,CTNND2,IM_vs_NV,chr5-10973516
chr7,158092647,158093250,604,*,3,4.43699726193246e-190,1.27986269094582e-177,2.08574336221941e-68,9.26673799545756e-177,-0.203863394637044,-0.163934385431408,PTPRN2,IM_vs_NV,chr7-158300557
chr2,1983439,1983518,80,*,3,3.33810256627615e-188,1.49159661952807e-156,8.33071188582508e-61,2.20108600980952e-155,-0.153847001444189,-0.122529607615975,MYT1L,IM_vs_NV,chr2-1979711
chr11,18978169,18978218,50,*,2,7.56619260575082e-187,1.04333346084421e-155,1.59492879206536e-84,4.16963212275419e-155,-0.185142470029463,-0.142362883718414,RP11-583F24.4,IM_vs_NV,chr11-18956621
chr13,25085301,25085405,105,*,2,2.33790360190031e-185,1.09672372142173e-150,1.88829246571372e-77,7.93249666476075e-150,-0.186850661531802,-0.178681235666787,"TPTE2P6, PARP4",IM_vs_NV,chr13-24511162
chr5,176790179,176790350,172,*,3,2.09515455314762e-181,9.74855966580093e-150,4.36173987310671e-84,7.5807448651256e-155,0.201883727701943,0.108589312344199,RGS14,IM_vs_NV,chr5-177363177
chr3,137069990,137070350,361,*,2,9.04795907544226e-181,3.45845836218357e-136,6.16388506896463e-100,1.08917816286278e-141,-0.196311116905029,-0.124486046552159,,IM_vs_NV,chr3-137351507
chr10,121040981,121041196,216,*,2,1.11437458095055e-179,5.19830548578028e-118,5.23993354866699e-114,4.74044019959522e-136,0.225985759644514,0.137209716408274,GRK5,IM_vs_NV,chr10-119281683
chr4,102112217,102112901,685,*,2,1.13241511032499e-179,2.06356533853789e-58,5.4110710036701e-112,2.19632540930674e-112,0.239606298864459,0.12006321727998,PPP3CA,IM_vs_NV,chr4-101191743
chr7,40338163,40338925,763,*,2,4.91692034442558e-176,3.65361948224769e-68,8.70455883594697e-111,1.74019592465992e-112,-0.215884934412018,-0.117806251971337,SUGCT,IM_vs_NV,chr7-40299325
chr11,35088518,35088821,304,*,2,1.01569350388379e-170,9.38580897875619e-114,2.24662498888739e-106,6.39531724258673e-129,-0.186254983266316,-0.122732913037651,,IM_vs_NV,chr11-35067273
chr4,159315123,159315440,318,*,2,1.54110076578983e-168,7.20174368522472e-98,1.56881854165869e-101,1.37355375688629e-116,-0.208162456311994,-0.125989978161305,RXFP1,IM_vs_NV,chr4-158394287
chr10,92811846,92812110,265,*,2,2.34424230064261e-167,2.84426025401417e-83,4.36205553701416e-114,1.64547135443271e-119,0.199414098998139,0.112280328620431,LINC00502,IM_vs_NV,chr10-91052088
chr9,120698565,120698862,298,*,2,4.7782476869338e-162,8.12933885351286e-104,1.32641348036315e-104,6.68537608734082e-122,-0.228668542943042,-0.129915332637955,,IM_vs_NV,chr9-117936286
chr8,3047536,3047756,221,*,2,1.05173391279921e-161,3.9996568924394e-126,2.22569406677001e-77,1.02038633982864e-126,-0.162400043378666,-0.123065119331609,CSMD1,IM_vs_NV,chr8-3190013
chr8,119917631,119918483,853,*,2,6.17572923506696e-160,1.79352793115977e-68,1.12478950909379e-78,6.2391678369314e-86,-0.176469677455395,-0.100204945895948,,IM_vs_NV,chr8-118905391
chr2,176940301,176940341,41,*,2,6.9282218489103e-157,8.53188390205088e-134,3.86492471236941e-76,1.63121897544727e-133,0.168760442458082,0.157474001307479,,IM_vs_NV,chr2-176075572
chr3,112980454,112981348,895,*,2,1.27944271120758e-155,8.523922328331e-107,3.25379024277834e-101,1.29335723087345e-121,0.219273960121127,0.148347968891175,BOC,IM_vs_NV,chr3-113261606
chr7,158068657,158070332,1676,*,3,5.80003367817065e-152,4.76125527283632e-166,1.13509482335692e-72,6.88348590730293e-168,-0.146585591336964,-0.117060872654233,PTPRN2,IM_vs_NV,chr7-158277639
chr7,51673444,51674282,839,*,3,4.10759881693018e-147,2.08524228097242e-131,1.4516547448762e-68,1.96513276380044e-134,-0.151981356653835,-0.116390268275664,,IM_vs_NV,chr7-51605747
chr19,11087842,11088398,557,*,2,4.16471681365739e-143,1.05320153055579e-65,3.13059430506819e-94,5.95289569978852e-97,0.212665147134787,0.108905408108036,SMARCA4,IM_vs_NV,chr19-10977165
chr6,16803812,16804166,355,*,2,2.47151321002934e-142,1.52333961327157e-122,2.57726484653762e-64,9.54849925118135e-122,0.149011510494202,0.13747604426621,,IM_vs_NV,chr6-16803580
chr8,67085823,67085866,44,*,2,9.9514543405316e-123,5.05772236121617e-108,1.12743249291456e-62,8.97689200916565e-108,-0.151676403360239,-0.128284745406246,TRIM55,IM_vs_NV,chr8-66173587
chr11,3144774,3145609,836,*,3,3.08055327212633e-122,1.52879594048682e-104,1.70112591011669e-58,1.62941539265707e-109,0.155857110355988,0.106120325049149,OSBPL5,IM_vs_NV,chr11-3123543
chr1,76620177,76620334,158,*,3,3.41620277986625e-114,4.1953254579772e-106,5.54232771960991e-41,7.13735810220523e-105,-0.142702237133906,-0.117848046658589,ST6GALNAC3,IM_vs_NV,chr1-76154585; chr1-76154648
chr7,157396482,157396576,95,*,2,2.25185586450375e-100,4.59662025938431e-70,1.29208436993851e-73,2.19778410026724e-83,-0.161613569072526,-0.101468084462123,PTPRN2,IM_vs_NV,chr7-157603789
chr1,2919785,2921137,1353,*,3,2.95956904416376e-94,4.20528130401227e-64,5.37490102578364e-61,1.21342922374121e-87,-0.236009676940892,-0.103346761755304,,IM_vs_NV,chr1-3003220
chr16,73023727,73024202,476,*,3,6.09469082014825e-92,7.26084360996276e-85,1.07347661931907e-35,8.5418150056131e-85,0.124188406714728,0.112077272772219,ZFHX3,IM_vs_NV,chr16-72990097
chr13,108237965,108238753,789,*,2,1.1865064296547e-74,5.14284708490928e-75,5.25847850463758e-49,1.2644094774263e-75,-0.111196101471215,-0.100619048307289,FAM155A,IM_vs_NV,chr13-107585616
chr6,31650735,31651676,942,*,13,4.00620233179474e-237,6.27486568201201e-193,5.54582623799935e-27,5.9505694581398e-213,0.232172037745284,0.104682792116424,LY6G5C,NIM_vs_NV,chr6-31683152; chr6-31683251
chr1,76620177,76620334,158,*,3,1.82478373209063e-102,1.84607593192225e-96,2.15820675190259e-32,4.54183073391359e-95,-0.186218167311868,-0.161941462200297,ST6GALNAC3,NIM_vs_NV,chr1-76154585; chr1-76154648
chr8,74903761,74904535,775,*,4,8.1101516574321e-90,2.63656318216608e-87,5.39839637117457e-26,5.63226241739725e-86,-0.172181664896207,-0.139180496816194,LY96,NIM_vs_NV,chr8-73991525
chr15,58782685,58782981,297,*,3,2.78084894806077e-59,2.64470035677247e-58,2.35099341498926e-20,5.02874349875806e-57,0.122281165654773,0.11425400608139,"LIPC, ALDH1A2, RP11-355N15.1",NIM_vs_NV,chr15-58490488
chr13,25085301,25085405,105,*,2,1.8065689274455e-56,3.30409191947412e-52,4.37990518522255e-26,1.36007916024597e-51,-0.148291186992246,-0.147708632297143,"TPTE2P6, PARP4",NIM_vs_NV,chr13-24511162
chr6,16803812,16804166,355,*,2,2.90275384526359e-54,8.27371823279432e-51,3.8770979066307e-27,2.51564159218817e-50,0.150884174743805,0.132042572314542,,NIM_vs_NV,chr6-16803580
chr7,50346997,50347081,85,*,3,9.46948002737134e-54,8.14665518398742e-49,3.02120598783725e-20,6.26199358507729e-48,-0.139734254444003,-0.120753570775568,IKZF1,NIM_vs_NV,chr7-50307471
chr2,45405210,45405216,7,*,2,3.84465397305159e-52,1.89072821799615e-49,1.30851705471782e-24,7.87244131525256e-49,-0.15975525294845,-0.159695004542836,LINC01121,NIM_vs_NV,chr2-45178076
chr1,63795279,63796486,1208,*,6,4.77646220349755e-52,9.01973099163093e-58,1.81998523413012e-13,1.08358583163142e-55,-0.132654059132289,-0.103170545222034,,NIM_vs_NV,chr1-63329964
chr5,42953543,42953590,48,*,2,6.57363070665055e-51,2.9758508034429e-47,1.22083928314554e-24,1.11004396500931e-46,0.141377582417573,0.125796854621362,,NIM_vs_NV,chr5-42953440; chr5-42953487
chr18,66389420,66389447,28,*,2,7.93414613135204e-43,1.40863523556059e-41,3.78053494009522e-21,5.64210172378432e-41,-0.157916946899351,-0.147841432763159,CCDC102B,NIM_vs_NV,chr18-68722182
chr2,180427177,180427325,149,*,2,1.60826953715173e-42,6.4997121501823e-40,2.93144810397905e-23,1.26433263444438e-39,-0.16768787300423,-0.118980156479868,ZNF385B,NIM_vs_NV,chr2-179562597
chr1,224363449,224363575,127,*,2,3.71330008131569e-42,5.66208910219349e-41,9.03106169843396e-21,2.27600361659572e-40,0.150355871086339,0.125844470844426,DEGS1,NIM_vs_NV,chr1-224175746
chr6,151325642,151325685,44,*,2,2.43386785815835e-36,2.26090862867288e-35,1.76353292451286e-20,5.30675442669691e-35,-0.16357129043788,-0.132751895366179,MTHFD1L,NIM_vs_NV,chr6-151004505
chr8,35647941,35648588,648,*,2,5.97310415816918e-36,2.20663187840308e-38,3.69659345947023e-21,6.78711223793447e-38,-0.107001398810627,-0.104535673223274,UNC5D,NIM_vs_NV,chr8-35790422
chr7,150435779,150437232,1454,*,3,4.15126963084489e-35,1.58162656670879e-48,1.01972188652002e-19,1.01849872623895e-47,-0.11840317793291,-0.107108640289906,GIMAP5,NIM_vs_NV,chr7-150738690; chr7-150740143
chr3,119014825,119015466,642,*,2,4.57968574731393e-34,5.60085159045911e-36,3.76590716707779e-20,1.61335321844638e-35,0.124354866665606,0.116488077060002,ARHGAP31,NIM_vs_NV,chr3-119296618
chr6,30094980,30095802,823,*,22,0,0,8.51167206345697e-26,0,0.196995971559821,0.117839584118639,,IM_vs_NIM,chr6-30127480; chr6-30127487
chr2,166649910,166652445,2536,*,17,8.67625539916382e-276,3.15691822582949e-269,1.0366780929647e-22,3.52529984764782e-280,0.241336670928352,0.13669972665716,"GALNT3, AC009495.2, AC009495.4",IM_vs_NIM,chr2-165793399; chr2-165794419
chr6,29520698,29521781,1084,*,28,7.40836655642019e-238,7.99738963551368e-235,3.27045117922712e-17,1.68074881848651e-240,0.139296358614999,0.101544970248593,OR2I1P,IM_vs_NIM,chr6-29553360; chr6-29553367; chr6-29553494; chr6-29553578; chr6-29553642; chr6-29553710; chr6-29553721; chr6-29553824; chr6-29553846; chr6-29553853
chr7,29603056,29606349,3294,*,17,1.35209848647738e-234,2.19590474667724e-187,1.35704081361965e-26,8.73858520269511e-228,0.195545514880418,0.10409698493822,"AC007255.8, PRR15",IM_vs_NIM,chr7-29563594; chr7-29563710; chr7-29563788; chr7-29563790
chr19,13133343,13135808,2466,*,15,2.6196772773755e-206,3.81082080684589e-196,4.42299644457172e-23,1.44017569007073e-204,0.173587879570701,0.103006195282333,NFIX,IM_vs_NIM,chr19-13024847
chr8,49647579,49648519,941,*,12,1.03367287223989e-196,1.55200375034105e-194,4.66428446803065e-22,4.27149416104823e-190,0.1567612586243,0.106352591977645,EFCAB1,IM_vs_NIM,chr8-48735143; chr8-48735157
chr6,24356007,24358308,2302,*,12,5.82197986233018e-190,1.96359795897638e-195,6.49730328237981e-23,1.02598194907913e-203,0.176690398889244,0.114777783967213,"DCDC2, KAAG1",IM_vs_NIM,chr6-24358007; chr6-24358069
chr2,85640001,85642415,2415,*,14,3.17590532995298e-175,2.09779989389183e-197,3.81949997874229e-20,1.06649980987869e-196,0.190662227385006,0.116508339632305,CAPG,IM_vs_NIM,chr2-85413638
chr7,53102694,53104336,1643,*,9,4.11759273302146e-171,1.73206951710357e-185,2.88141414987408e-26,4.37130115312896e-185,-0.18617172837182,-0.116031162973253,POM121L12,IM_vs_NIM,chr7-53035616
chr15,62358531,62360465,1935,*,11,3.76074193294064e-165,1.5750444768726e-139,8.33800030836868e-23,5.58460305137686e-156,0.146636337251451,0.104312325391267,C2CD4A,IM_vs_NIM,chr15-62066903
chr19,13112283,13113893,1611,*,8,6.82002770098475e-160,8.05396614458396e-207,1.40728328856113e-27,4.71774089455786e-202,0.183553919568894,0.133169802474571,NFIX,IM_vs_NIM,chr19-13001547; chr19-13002667
chr8,95651099,95655439,4341,*,17,1.74642217020398e-157,2.75384122095956e-199,1.21254763342563e-24,4.27971113286254e-213,0.278190935103069,0.101178864260098,"RP11-22C11.2, ESRP1",IM_vs_NIM,chr8-94638870; chr8-94640010
chr1,234667087,234668366,1280,*,8,1.68297377431679e-154,3.85511632940833e-159,3.43131591978101e-24,2.69079464193615e-155,0.15180194419998,0.109266865613688,RP5-855F14.1,IM_vs_NIM,chr1-234531770; chr1-234531802
chr3,170746012,170746586,575,*,7,8.25641486732202e-149,2.13817899269229e-145,7.91938082703706e-23,3.2200365231418e-141,0.194245616625339,0.14171616604117,,IM_vs_NIM,chr3-171028475
chr11,35547074,35548139,1066,*,8,3.16480159943652e-131,1.89925163483722e-111,9.98792464993672e-23,1.36720677771698e-120,0.20577344495273,0.128725771013475,PAMR1,IM_vs_NIM,chr11-35525676
chr8,96084821,96085994,1174,*,7,1.93859187399917e-129,7.25670043337746e-103,1.95725344657179e-24,1.71859744594148e-120,0.156872794344824,0.110528854656678,"NDUFAF6, MIR3150A, RP11-320N21.2",IM_vs_NIM,chr8-95073156; chr8-95073460
chr7,127910927,127912372,1446,*,8,5.00220185993453e-113,1.67239812748827e-108,3.05534203980166e-22,2.42892565176225e-110,0.177323721947865,0.106010065867486,,IM_vs_NIM,chr7-128271812
chr2,916900,917577,678,*,6,9.03480044381909e-112,1.61988733565658e-116,3.27938484674101e-24,9.087932957115e-114,-0.162970652051907,-0.10835769452262,,IM_vs_NIM,chr2-921285
chr7,150210980,150213085,2106,*,9,3.86219796701235e-105,5.93728151372504e-173,1.82521585277342e-25,4.75955650457564e-172,-0.167142679807213,-0.118066358857565,GIMAP7,IM_vs_NIM,chr7-150515618; chr7-150515996
chr7,158282601,158284889,2289,*,7,1.73732302179662e-103,3.99855365431126e-132,5.97744051626012e-23,8.68670324727722e-129,-0.150872762008569,-0.110559802907031,PTPRN2,IM_vs_NIM,chr7-158490529
chr2,176968052,176969612,1561,*,7,5.75925826279398e-103,3.93960891628372e-94,1.23382876730633e-19,3.75320065621229e-98,0.133902626506484,0.10063522468519,HOXD11,IM_vs_NIM,chr2-176104883
chr7,156795156,156797242,2087,*,9,1.42079060023455e-96,5.62914569570793e-150,1.04087072632252e-20,2.71640650325774e-145,0.145142445577124,0.130224697250791,MNX1,IM_vs_NIM,chr7-157004234
chr1,63795279,63796486,1208,*,6,3.24292299411618e-90,7.51826002067423e-83,2.98958889226886e-21,1.49436648172278e-85,0.208842657475502,0.131868908924185,,IM_vs_NIM,chr1-63329964
chr3,27770059,27772705,2647,*,12,1.55007529726056e-88,2.96094369732614e-153,3.20278884752884e-18,2.34767806967408e-149,0.153444789815476,0.116019555984146,,IM_vs_NIM,chr3-27730175
chr1,40149381,40150278,898,*,6,1.50968929046776e-87,1.95542555903425e-71,1.82203769086911e-21,1.54017034328496e-79,0.149106291864758,0.10157275791945,HPCAL4,IM_vs_NIM,chr1-39683977
chr2,176936091,176937971,1881,*,8,5.27268842427858e-86,3.72321259995002e-101,1.15596711991948e-18,4.08400452022067e-99,0.173232618624039,0.107269983206945,,IM_vs_NIM,chr2-176071668; chr2-176071852; chr2-176073242
chr19,46031516,46033285,1770,*,6,1.5213405680097e-82,4.96398805525253e-94,1.5981003853306e-19,2.99265811983716e-92,0.14815972663867,0.107535812270934,OPA3,IM_vs_NIM,chr19-45529172
chr8,54789207,54791763,2557,*,7,1.00846224012625e-80,9.65877267469202e-80,1.56404661546817e-22,2.55961259263707e-89,0.18688694910987,0.127817566734188,"RGS20, RP11-1070A24.2",IM_vs_NIM,chr8-53876764
chr8,20809678,20810608,931,*,4,1.45411133695814e-80,1.21040866435529e-83,3.01825337607445e-25,4.45115731691346e-82,-0.170551227720212,-0.120562857384478,RP11-369E15.3,IM_vs_NIM,chr8-20953096
chr3,27754137,27756851,2715,*,12,6.46640071691043e-78,2.78307123468061e-115,1.02266112186747e-18,1.70781668588849e-117,0.194471296485954,0.11782856512968,RP11-222K16.2,IM_vs_NIM,chr3-27713514
chr8,5909880,5910061,182,*,3,2.24610165842462e-74,1.66304358930664e-71,7.48640507909518e-27,2.43856004151279e-70,-0.180384105077013,-0.130482722101609,RP11-124B13.1,IM_vs_NIM,chr8-6052422
chr7,50348174,50348870,697,*,4,2.43753595663947e-69,7.45362533903809e-69,2.20526018733278e-20,4.63667394253292e-67,-0.136866950020855,-0.114059196460981,IKZF1,IM_vs_NIM,chr7-50308577
chr2,65085243,65085764,522,*,3,2.39171280475697e-65,2.1733712437406e-62,3.01144637791272e-23,3.90397681278692e-61,0.136594239504022,0.128792087295836,AC007880.1,IM_vs_NIM,chr2-64858108
chr16,73023727,73024202,476,*,3,1.53527124447685e-64,1.52935301809654e-62,3.10867376780425e-24,2.27275768029742e-61,0.163180350453279,0.151039102505076,ZFHX3,IM_vs_NIM,chr16-72990097
chr12,112074044,112074158,115,*,3,2.16404843816095e-64,1.24716819285449e-62,3.70700350594441e-24,1.91443102102482e-61,0.151580865739327,0.136720687034372,,IM_vs_NIM,chr12-111636239; chr12-111636281; chr12-111636353
chr7,157655436,157656367,932,*,4,1.04518939558893e-62,1.60126566583134e-65,2.92792697237035e-22,3.60402511982759e-64,-0.17560727173218,-0.123585874577369,"PTPRN2, AC011899.9",IM_vs_NIM,chr7-157862743
chr7,157967926,157968683,758,*,3,3.86049375807063e-62,4.14612146515547e-66,1.05184862763837e-27,1.26374662446265e-65,-0.152596107102661,-0.130241031601946,PTPRN2,IM_vs_NIM,chr7-158175233
chr11,3144774,3145609,836,*,3,2.39678570276197e-61,1.82129952776976e-65,6.23336082478644e-26,1.85292702564641e-64,0.159450478137579,0.128881864352063,OSBPL5,IM_vs_NIM,chr11-3123543
chr7,158092647,158093250,604,*,3,6.87416015830185e-57,1.90464667135403e-57,2.45690289413432e-24,1.18369926246526e-56,-0.166027881725012,-0.143633162005414,PTPRN2,IM_vs_NIM,chr7-158300557
chr4,159315123,159315440,318,*,2,2.25335662946968e-54,7.89966845142222e-46,1.09488471618058e-26,1.26265770890198e-45,-0.162974472976515,-0.119240099972571,RXFP1,IM_vs_NIM,chr4-158394287
chr2,2119533,2119853,321,*,2,1.07504125016746e-51,1.23539050381258e-49,7.80105678643371e-26,5.24294470996927e-49,-0.146192087811792,-0.128278688689056,MYT1L,IM_vs_NIM,chr2-2115760
chr8,67085823,67085866,44,*,2,3.05803268057671e-50,3.83401584615913e-48,6.92446308946109e-26,1.36526018171231e-47,-0.152078795375937,-0.131853947301289,TRIM55,IM_vs_NIM,chr8-66173587
chr7,158068657,158070332,1676,*,3,3.81010389850398e-50,7.36081418595919e-68,2.64999049593346e-25,6.93267374865936e-67,-0.148679692013659,-0.119206972740171,PTPRN2,IM_vs_NIM,chr7-158277639
chr7,51673444,51674282,839,*,3,3.57066364427401e-49,1.25603706136267e-51,2.29352410690869e-25,6.58046589130642e-52,-0.149570159754342,-0.113440872331062,,IM_vs_NIM,chr7-51605747
chr17,63070811,63071046,236,*,2,4.76814677098232e-48,2.97632673687559e-45,1.70085681296613e-26,4.67385024361947e-45,0.119243360151467,0.114380528711838,,IM_vs_NIM,chr17-65074927
chr4,1027885,1028067,183,*,3,5.22019638631567e-48,2.20489836560193e-45,2.70702239870448e-18,2.83368206103423e-44,0.127818273801481,0.10396824504938,,IM_vs_NIM,chr4-1034096; chr4-1034178
chr14,89651548,89652402,855,*,2,4.31874484132631e-47,4.15062745722462e-58,6.46267527752861e-29,1.8355184009552e-57,0.14716659420255,0.129242071432704,FOXN3,IM_vs_NIM,chr14-89185203
chr1,169677313,169677921,609,*,4,8.20406024706357e-47,2.07730442401951e-48,2.35247433766061e-15,4.45742222485294e-47,-0.119470774755593,-0.103285424838216,"C1orf112, SELL",IM_vs_NIM,chr1-169708779
chr4,154143948,154144462,515,*,3,7.02142730130632e-46,3.653986994716e-46,1.50062612006216e-16,6.94569749394513e-45,0.143198055247257,0.120020864081203,TRIM2,IM_vs_NIM,chr4-153223133; chr4-153223309
chr8,3047536,3047756,221,*,2,1.12151237629743e-45,7.06831537472837e-41,2.73327300113523e-21,3.13560603720446e-40,-0.143475052009854,-0.113805398871891,CSMD1,IM_vs_NIM,chr8-3190013
chr19,29898548,29899072,525,*,2,6.54062260076996e-45,1.17635778693989e-43,2.5794763811747e-22,5.45529431288478e-43,-0.139621014546963,-0.123871635602433,CTC-525D6.1,IM_vs_NIM,chr19-29407640
chr19,52327441,52328110,670,*,2,1.36801090145683e-42,4.79202764245012e-46,1.40160057457517e-24,1.88777995795755e-45,-0.150952070255196,-0.13139074391049,FPR3,IM_vs_NIM,chr19-51824856
chr2,1983439,1983518,80,*,3,3.83509324857891e-42,1.85551647533946e-38,2.11057831183061e-18,6.24535161419986e-38,-0.132427262242969,-0.100256200228261,MYT1L,IM_vs_NIM,chr2-1979711
chr10,48481599,48482113,515,*,2,4.26981318904912e-41,8.35546047014675e-40,7.23783237076791e-24,1.4389974485041e-39,-0.149901578339157,-0.118605982661354,,IM_vs_NIM,chr10-47257761
chr6,151325642,151325685,44,*,2,5.04698152085958e-40,8.68202453496033e-39,2.15624671848928e-22,2.32186441858467e-38,0.152359720684462,0.140401114258329,MTHFD1L,IM_vs_NIM,chr6-151004505
chr10,129979348,129979375,28,*,2,6.10046420137155e-39,9.14066176126589e-36,1.05794382574885e-20,2.58750500766518e-35,-0.129972235611902,-0.121991967862291,,IM_vs_NIM,chr10-128181110
chr19,55449439,55449446,8,*,2,8.84272412659085e-38,1.50449098677852e-34,1.92317783219545e-19,5.14162076768617e-34,-0.1418271082941,-0.137390767515048,NLRP7,IM_vs_NIM,chr19-54938077
chr11,18978169,18978218,50,*,2,2.24724432012516e-37,1.42834282804533e-36,6.722653555456e-20,5.57964199005847e-36,-0.147310423528327,-0.11274488902625,RP11-583F24.4,IM_vs_NIM,chr11-18956621
chr2,176940301,176940341,41,*,2,1.02756346922247e-31,2.26578273212086e-31,8.06351494285818e-17,9.11621840886745e-31,0.121615624307216,0.118554150876576,,IM_vs_NIM,chr2-176075572
chr7,155989369,155989395,27,*,2,4.47844178637121e-28,9.74103769045957e-28,2.43215285607282e-16,2.81493533715718e-27,-0.129700506098984,-0.112402152787314,,IM_vs_NIM,chr7-156196674
chr3,112980454,112981348,895,*,2,8.59290999218236e-28,3.67698855879061e-37,1.96397379346295e-19,1.5863654037486e-36,0.126752870142135,0.122627633336542,BOC,IM_vs_NIM,chr3-113261606
chr15,96472677,96472718,42,*,2,1.38623999612245e-26,2.33863128225748e-25,1.1748667828163e-18,8.06288557223605e-26,-0.131560214834693,-0.103168307036003,,IM_vs_NIM,chr15-95929488
chr8,81639711,81639869,159,*,2,2.77549877389469e-25,2.76694119399782e-25,4.09797816236728e-14,9.65671585435791e-25,0.117154814993066,0.10873038920221,ZNF704,IM_vs_NIM,chr8-80727633
chr1,169281590,169281716,127,*,2,4.24492814517e-25,3.53181755861673e-25,1.75088300792012e-13,1.31954828907381e-24,-0.104006658917256,-0.102903514043423,"NME7, RP4-800F24.1",IM_vs_NIM,chr1-169312477
chr1,224363449,224363575,127,*,2,1.05462463923782e-18,4.41306857421336e-19,6.74500840703408e-11,1.39068716588403e-18,0.121343183859593,0.10932447087658,DEGS1,IM_vs_NIM,chr1-224175746
